title,contents
"SK하닉 역대급 실적 발표날, 삼성 ""성과급 40조"" 요구에 '전운'","SK하이닉스 '역대급 실적' 축포삼성전자는 노조 집회로 '전운'주주들 나선 맞불 집회 긴장감↑23일 경기 평택시 삼성전자 평택캠퍼스 앞에서 열린 삼성전자 노동조합 공동투쟁본부의 '투명하게 바꾸고, 상한폐지 실현하자-4/23 투쟁 결의대회'에서 깃발이 입장하고 있다. 사진=연합뉴스SK하이닉스가 창사 이래 최대 매출과 영업이익·영업이익률 달성의 역대급 실적을 발표한 날 삼성전자 평택캠퍼스 앞에선 긴장감이 감돌았다. 삼성전자 역시 앞서 사상 최대 실적을 올렸지만 첫 과반노조 지위를 확보한 노조가 성과급 상한제 폐지 등을 요구하면서 대규모 투쟁결의대회를 연 탓이다. 국내 반도체 업계 '투톱'의 분위기가 확연히 다른 이유다.SK하이닉스는 이날 연결 기준 1분기 매출 52조5763억원, 영업이익 37조6103억원, 순이익 40조3459억원을 기록했다고 밝혔다. 영업이익률도 72%를 달성했다. 역대 최대 실적을 모두 갈아치운 것으로, 회사 측은 인공지능(AI) 인프라 투자 확대로 비수기에도 수요 강세가 이어진 데다 고대역폭메모리(HBM)·고용량 서버용 D램 모듈·기업용 솔리드스테이트드라이브(eSSD) 등 고부가가치 제품 판매가 늘어난 결과라고 설명했다.반면 같은날 오전 경기 평택시 고덕국제대로와 평택캠퍼스로 이어지는 삼성로 일대엔 경찰 버스와 기동대가 배치됐다. 결의대회 현장엔 이른 시간 검은색 조끼를 입은 노조 조합원들이 몰려들기 시작했다. 이들은 ""상한폐지 실현하자""는 등의 문구를 내걸고 현장에 모였다.  본집회는 오후에 들어서면서 본격 진행됐다. 삼성 역사상 첫 과반노조 지위를 얻은 삼성그룹 초기업 노동조합 삼성전자지부(초기업노조)는 이날 오후 1시 평택사업장 앞에서 투쟁결의대회를 열었다. 경찰 추산 3만여명, 노조 추산 3만9000여명이 참여했다. 초기업노조는 사전 집회를 진행한 뒤 오후 2시부터 3시까지 본집회를 이어간다.노조 측은 회사 영업이익 중 15%를 성과급으로 지급하고 '성과급 상한'을 폐지해야 한다는 주장을 고수하고 있다. 이 같은 요구가 관철되지 않을 경우 다음 달 21일부터 오는 6월7일까지 총파업에 돌입하겠다는 방침도 세웠다. 초기업노조는 이날 기준 7만6100명을 조합원으로 두고 있다. 23일 삼성전자 노동조합 공동투쟁본부 투쟁 결의대회가 열리는 경기도 평택시 삼성전자 평택캠퍼스 인근에서 노조의 집회에 반대하는 대한민국 주주운동본부 관계자들이 결의문을 읽고 있다. 사진=연합뉴스노조 집회에 앞서 삼성전자 주주 측이 진행하는 '맞불 집회'도 열렸다. 대한민국 주주운동본부 소속 일부 회원들은 노조 측 집회 장소 인근에서 성과급 요구가 과도하다면서 반대 집회를 가진 뒤 해산했다. 이들은 ""삼성전자 주주 배당이 11조원에 불과한데 노조 요구를 수용할 경우 직원 성과급으로 40조원을 지급하게 된다""면서 반발했다. 경찰은 노조 집회가 열린 도로 양방향을 통제한 채 300여명을 투입해 교통 관리와 우발 상황 대비에 나선 것으로 알려졌다. 경기남부경찰청 기동대 3개 부대, 평택경찰서 자체 중대 1개 등 240명이 우선 투입됐다. 평택시는 이날 오후 안전 안내문자를 발송해 시민들에게 우회도로 이용을 당부했고 경기남부 모범택시 운전자회 소속 100여명도 평택과 인근 병점 지역 곳곳에 분산 배치돼 교통 정리를 지원했다."
"""째째용 나와라"" 얼굴 짓밟고 욕설…삼성전자 노조, 도 넘은 파업 결의","삼성전자 평택캠퍼스에서 23일 열린 노조 파업 결의대회 바닥에 부착된 경영진 모습 / 사진=유호승 기자세계 최대 규모의 반도체 생산 기지인 삼성전자 평택캠퍼스 앞 왕복 8차선 도로에는 '삼성그룹 초기업 노동조합 삼성전자 지부' 조끼를 입은 노동조합원 수만명이 모였다. 23일 오후 2시부터 이들은 '투명하게 상한 폐지'라는 구호를 연신 외치며 '2026 임금교섭 승리 파업 결의대회'에 집결했다.집회 현장 바닥에는 이재용 삼성전자 회장과 전영현 부회장, 노태문 사장 등 경영진 사진이 붙여졌다. 노조원들은 이들의 얼굴을 짓밟으며 원색적인 욕설을 내뱉기도 했다. 이재용 회장 사진 아래에는 '째째용'이라고 적으며 수준 낮은 비난으로 눈살을 찌푸리게 만들기도 했다.또 노조와의 협상 테이블에 이재용 회장이 직접 나오라며 거친 언행을 뱉는 이들도 눈에 띄었다. '관리의 삼성'으로 불리며 무노조 경영의 상징으로 군림하던 과거의 모습은 온데간데없이 사라진 모양새다.삼성전자 평택캠퍼스에서 23일 파업 결의대회가 진행 중인 모습 / 사진=유호승 기자평택캠퍼스 8차선 도로 점거한 노조원 4만명노동조합에 따르면 이날 집회 참가인원은 약 4만명이다. 이들의 안전과 치안 관리를 위해 투입된 경찰 인력은 200여명이다. 직원 신분을 정확히 파악하지 않아 조합원 가족이나 삼성전자 소속이 아닌 이들도 다수 참가해 예상보다 집회 참가인력이 많아진 것으로 알려졌다.노조가 주도한 파업 결의대회로 평택캠퍼스 일대는 거대한 주차장으로 변했다. 전국에서 수많은 인력이 평택캠퍼스로 몰리면서 8차선 도로는 오전부터 전면 통제됐다.이로 인해 반도체 라인 증설에 투입되어야 할 지게차와 자재 차량, 인부를 실어 나르는 통근버스가 인근 도로에 고립되기도 했다. 결의대회 현장에서 만난 한 협력사 직원은 ""공사 현장 입구가 노조원들로 막혀 오늘 작업은 사실상 물건너갔다""며 ""노조원의 고함 소리에 정신도 혼미하다""고 토로했다.최승호 삼성전자 노동조합 공동투쟁본부 위원장은 경영진을 향해 '인재 제일'이라는 경영원칙이 사라졌다며 강하게 질타했다. 그는 ""경영진은 직원의 땀과 노력은 무시한 채 오직 시황만이 성과를 결정한다고 주장한다""며 ""임직원을 헌신하는 주체가 아닌 단순한 숫자로만 취급한다""고 목소리를 높였다.이어 ""회사는 매년 위기라고 말하지만 그 위기 속에서 삼성전자를 반도체 세계 1위 기업으로 발돋움시킨 것은 경영진이 아니다""라며 ""밤을 새워 수율을 높인 건 파업 결의대회에 모인 조합원들""이라고 덧붙였다.최 위원장은 삼성전자 위기론을 정면으로 반박하며 호실적에 따른 정당한 보상을 요구했다. 구체적인 숫자를 거론하며 압박 수위를 높이기도 했다. 그는 ""올해 영업이익을 300조원으로 가정하면 하루 수익이 1조원인 셈""이라며 ""18일간의 총파업은 18조원의 공백을 의미한다. 파업으로 노동조합이 가진 가치가 얼마나 중요한지 똑똑히 보여줄 것""이라고 경고했다.홍광흠 초기업노조 총위원장은 ""외부에서는 우리의 외침을 배부른 돼지의 욕심으로 치부한다""며 ""하지만 노조의 외침은 글로벌 굴지 기업을 만들어온 피와 땀, 가치를 온전히 인정받기 위함이다""고 말했다.삼성전자 평택캠퍼스에서 23일 파업 결의대회가 열린 모습 / 사진=유호승 기자파업 위기 고조, 대화 채널 복구 '난항'노조는 평택캠퍼스 결의대회가 회사 측에 던지는 최후통첩이라고 밝혔다. 이들은 영업이익의 15%를 상한선 없이 성과급으로 지급할 것을 촉구하며 총파업으로 사측을 압박하고 있다. 노사 합의가 이뤄지지 않을 경우 다음 달 21일부터 6월 7일까지 18일간 총파업에 돌입한다.시장에서는 노조가 총파업을 감행하면 단순한 생산 차질을 넘어 대형 안전사고와 인명 피해 등이 발생할 수 있다고 우려한다. KB증권은 보고서를 통해 삼성전자 DS 노조 파업이 메모리 반도체 공급에 미칠 영향을 분석했다. 파업으로 메모리 반도체 라인 가동 차질이 나타나면 실제 손실은 20조~30조원에 달할 것으로 봤다.김동원 KB증권 리서치본부장은 ""2024년 7월 파업 당시 참여 인원은 전체 노조원의 15% 수준에 그쳤으며 대체 근무 등으로 시장 충격은 제한적이었다""며 ""반면 이번 파업 참여 예상 인원은 3만~4만명으로 전체 노조원의 30~40% 수준이어서 2년 전보다 더 큰 생산 차질이 불가피하다""고 분석했다.회사 측은 파업만큼은 반드시 막는다는 방침이다. 삼성전자는 노사가 힘을 합쳐 '반도체 골든타임'에 대응해야 한다고 맞선다. 노조가 요구하는 영업이익 15% 수준의 재원 확보와 성과급 상한제 폐지는 현실적으로 수용하기 어렵다는 기류도 여전하다.노사 간극이 좁혀질 기미가 보이지 않으면서 삼성전자는 장기간 생산라인 가동 중단이라는 사상 초유의 사태를 목전에 두고 있다. 삼성전자는 노조의 집단행동이 격화되는 것에 깊은 우려를 표하고 있다. 파업보다 대화를 통한 사태 해결이 우선이라는 입장을 공고히 한 상태다.삼성전자 관계자는 ""글로벌 반도체 시장 주도권 경쟁이 어느 때보다 치열한 상황에서 장기간 생산라인 가동 중단은 기업 생존은 물론 국가경제에도 심각한 타격을 입힐 수 있다""며 """"회사는 열린 자세로 소통해 접점을 찾기 위해 최선을 다할 것이며, 임직원이 자부심을 느끼며 일할 수 있는 합리적 방안을 도출하기 위해 노력할 방침""이라고 전했다.		"
"""평소보다 매출 2~3배 이상""…'삼성전자 노조 집회'에 울고, 웃는 시민들","카페, 편의점 등 오전부터 '북적' 호황…시민 불편 우려도삼성전자 노동조합 공동투쟁본부(이하 노조) 대규모 결의대회가 열린 23일 평택캠퍼스 인근 카페와 편의점에 노조원들이 몰려 있다. 2026.4.23/뉴스1 ⓒ 뉴스1 김기현 기자(평택=뉴스1) 김기현 기자 = ""평소보다 매출이 2배 이상 나왔습니다. 오늘 같은 날은 장사 시작 이래로 처음이에요.""삼성전자 노동조합 공동투쟁본부(이하 노조) 대규모 결의대회가 열린 23일 평택캠퍼스 인근에서 편의점을 운영 중인 30대 이 모 씨가 전한 말이다.약 4년 전부터 어머니와 함께 장사를 시작했다는 그는 수시로 들이닥치는 손님들로 정신 없는 기색이 역력했으나, 표정 만큼은 어느 때보다 밝았다.'역대급 매출' 영향이다. 평소 당일 0시부터 오후 1시께까지 평균 매출은 60만~70만 원 수준이지만, 이날은 170만 원을 기록했다. 매출이 2배 이상 뛴 셈이다.이 씨는 ""평소 이 시간대 손님이 그리 많지는 않다""며 ""4년 동안 장사를 해 왔지만, 이렇게 매출이 잘 나온 경우는 처음""이라고 전했다.아울러 ""인근 PC방도 전날부터 대기하는 인원들이 많이 찾아 엄청 바빴다고 한다""며 ""일종의 '특수'라고 생각한다""고 덧붙였다.반면 '악영향'을 우려하는 목소리도 나오고 있다. 발길이 닿는 곳마다 노조원들로 북적이면서 기존 고객층인 시민 불편이 발생할 수 있다는 판단이다.실제로 같은 날 오전부터 평택캠퍼스 일대에 자리 잡은 편의점과 카페 등은 일찌감치 노조원들로 가득찼다.경찰이 오전부터 노조 집회가 열리는 평택캠퍼스 사무복합동과 사무3동 사이를 가로지르는 왕복 8차선 도로 양방향 차량 통행을 통제하면서 교통 체증 현상도 벌어지고 있다.평택캠퍼스 일대 한 사거리를 지나는 차들이 2~3번에 걸쳐 적색 신호를 기다려야만 앞으로 진행할 수 있을 정도다.약 2주 전 음식점을 개업한 30대 여성 원 모 씨 역시 ""장사를 시작한 지 얼마 안 됐지만, 평소보다 매출이 3배 정도 올랐다""며 웃음을 지었다.그는 또 ""우리 같은 사람들은 솔직히 매출이 올라 좋긴 하다""면서도 ""하지만 시민들이 불편을 겪을까 걱정이 된다""고 말했다.23일 낮 삼성전자 노동조합 공동투쟁본부(이하 노조) 대규모 결의대회가 열리는 평택캠퍼스 일대에 노조원들이 집결하고 있다. 2026.4.23/뉴스1 ⓒ 뉴스1 김기현 기자노조는 이날 오후 1시부터 평택캠퍼스 사무복합동 인근에서 '4·23 투쟁 결의대회'를 진행 중이다.이번 결의대회는 오후 2시까지 사전집회를 진행한 후 2시부터 3시까지 본 집회를 여는 일정으로 짜였다.노조가 경찰에 신고한 집회 참가 인원은 3만 명이지만, 노조는 3만 7000여 명이 모일 것으로 예상하고 있다.오후 2시 기준 경찰이 추산한 집회 참석 인원은 3만 4000명이다. 아직 물리적 충돌 등 우발 상황은 발생하지 않은 것으로 확인됐다.현재 평택캠퍼스 일대는 온통 검은 물결로 물들고 있다. 노조원 대부분은 하나같이 '검은색 조끼'를 착용한 상태다.검은색 조끼 앞면에는 흰색 글씨로 '투쟁'과 'SELU'가, 뒷면에는 '삼성그룹 초기업노동조합 삼성전자지부'라고 적혀 있다.일부 노조원은 '상한폐지 실현하자', '투명하게 바꾸고' 등 문구가 적힌 피켓을 든 채 집회에 참여하고 있다.화성캠퍼스 근무자 A 씨는 ""내부적으로 이번 집회에 대한 관심이 어느 때보다 뜨겁다""며 ""단순한 임금 인상을 넘어 정당한 보상 체계를 확립해야 한다는 공감대가 넓게 퍼져 있다""고 분위기를 전했다.경찰은 △경기남부청 광역예방순찰대 △기동대 3개 중대 △평택경찰서 등 경찰력 400여 명을 현장에 투입해 우발 상황에 대비하고 있다.경찰 관계자는 ""노조는 적법하게 평화적인 집회를 진행하겠다는 입장""이라며 ""우발 상황 발생 가능성은 낮아 보인다""고 말했다.		"
[비즈톡톡] 이번엔 가로형 와이드 화면으로…화웨이가 ‘세계 최초’ 사냥 나선 이유,"세계 첫 두 번 접는 스마트폰 ‘메이트XT’ 흥행 성공위태로워진 폴더블 세계 2위 입지푸라 X 맥스./화웨이        화웨이가 이달 20일 세계 첫 와이드 폴더블(접이식)폰 ‘푸라 X 맥스(Pura X Max)’를 공개했습니다. 2024년 9월 메이트XT로 ‘세계 첫 두 번 접는 스마트폰’ 타이틀을 거머쥔 화웨이가 이번에는 삼성과 애플에 앞서 와이드 폴더블폰을 선보인 것입니다. 해당 제품은 접었을 때 가로 비율이 상대적으로 넓고, 폈을 때도 패드 형태의 디스플레이를 갖췄습니다. 화웨이가 폴더블 시장에서 연이어 세계 최초 타이틀 사냥에 나선 것은 전 세계 스마트폰 시장에서의 애매한 위치 때문으로 해석됩니다.화웨이는 전체 스마트폰 시장에서는 5위권에 진입하지 못한 상황입니다. 하지만, 폴더블 시장에서는 삼성전자에 이은 2위 스마트폰 제조업체입니다. 애플이 조만간 자사의 첫 폴더블폰을 출시할 것이라는 소문이 들려오면서 화웨이 입장에서는 폴더블 시장 2위 자리가 위태로워진 것입니다.화웨이는 25일부터 중국에서 푸라 X 맥스 판매를 시작합니다. 256GB(12GB램) 모델의 시작 가격은 1만999위안(약 238만원)입니다. 최상위급 모델은 최대 1TB(16GB램) 저장 공간을 제공하며, 가격은 1만3999위안(약 303만원)입니다. 현재는 중국 내수 시장 출시용 제품이지만, 반응을 확인하고 세계 무대로 판매처를 확대할 것으로 보입니다.푸라 X 맥스./화웨이        사실 가장 가로 길이가 긴 스마트폰은 푸라 X 맥스가 처음은 아닙니다. 마이크로소프트는 2020년에 서피스 듀오(Surface Duo)를 출시했지만, 이는 하나의 접이식 디스플레이가 아닌 두 개의 화면으로 구성돼 있었습니다.결국 푸라 X 맥스는 기존에 폴더블폰 형태가 크램셸(조개형), 북(책)형이였던 것과 달리 태블릿 비율을 갖춘 첫 접이식 와이드 폴더블폰입니다. 삼성 역시 크램셸 형태의 플립과 책형인 대화면 폴드를 선보여왔습니다. 화웨이는 여기에 새로운 가로, 와이드형 디자인을 선보인 셈이죠. 특히 와이드형은 애플이 하반기 출시할 계획으로 알려진 첫 폴더블폰에 도입할 것으로 거론되는 디자인입니다. 화웨이가 와이드형 폴더블의 ‘세계 최초’ 타이틀을 선점하면서 존재감을 부각, 시장을 장악하겠다는 의지를 보인 셈이죠.푸라 X 맥스는 펼쳤을 때는 7.7인치 OLED 접이식 디스플레이를 제공하며, 외부에는 5.4인치 커버 스크린이 있어 기기를 펼치지 않고도 기본적인 기능을 사용할 수 있습니다. 기린 9030 프로 칩셋을 탑재했습니다. 하모니OS를 실행하며 AI 기반 기능을 포함합니다. 이 외에도 5300mAh 배터리를 탑재하고 유선 및 무선 고속 충전을 모두 지원하며 프리미엄 하드웨어 사양을 갖추는 전략을 쓰고 있습니다.후면 카메라는 50MP 메인 센서, 망원 렌즈, 초광각 카메라로 구성된 트리플 카메라 시스템을 갖추고 있습니다. 이러한 구성은 푸라 X 맥스가 독특한 디자인뿐 아니라 익숙한 플래그십 스마트폰의 강점을 바탕으로 경쟁력을 갖추기를 원한다는 것을 보여줍니다.세계 스마트폰 시장을 삼성과 애플이 이끌고 있는 가운데 화웨이 입장에서는 ‘세계 최초’ 타이틀이 특히나 중요한 마케팅 요소이자 흥행 카드입니다. 화웨이가 지난 2024년 9월 두 번 접는 폰 ‘메이트XT’를 출시했을 당시에도 폴더블폰 시장을 개척한 삼성보다 빨랐다는 반응에 세계적인 주목을 받았습니다. 화웨이는 해당 모델을 지난해 2월 전 세계 시장에 3499유로(약 576만원)에 내놨는데 업계에 따르면 화웨이 메이트XT 얼티밋 글로벌 판매량은 두 달 만에 40만대를 돌파했습니다. 출시 초기 공급이 수요를 따라가지 못해 대기 물량이 500만대 이상 치솟기도 했으며, 일부 온라인 판매처에서는 5만위안(약 900만원)에 선보이기도 했습니다.전세계 폴더블폰 시장 점유율. 2026년은 전망치./카운터포인트리서치        시장조사 업체 옴디아에 따르면 올해 1분기 출고량 기준 화웨이는 전 세계 스마트폰 시장 상위 5개 업체에 이름을 올리지 못했습니다. 상위 4개 업체 자리는 삼성(22%), 애플(20%), 샤오미(11%), 오포(10%), 비보(7%)가 차지했습니다. 하지만 폴더블 시장은 화웨이 입장에서는 놓칠 수 없는 시장입니다. 지난해 전 세계 폴더블폰 시장 점유율 순위는 삼성 40%, 화웨이 30%, 모토로라 12% 순이었습니다. 다만 화웨이는 2024년 1분기에는 삼성전자를 제치고 전 세계 폴더블 스마트폰 시장 점유율 35%를 기록, 사상 첫 1위에 오르기도 했습니다. 화웨이 입장에서는 가능성을 확인한 폴더블 시장은 놓칠 수 없는 시장입니다.화웨이는 올해 폴더블 시장에 애플의 등판이 예고되면서 안심할 수 없는 상황입니다. 이번에도 화웨이의 ‘세계 첫’ 전략이 통할지 관심입니다. 카운터포인트리서치는 올해 폴더블폰 시장 점유율을 삼성 31%, 애플 28%, 화웨이 23%가 될 것으로 전망했습니다."
6500 찍고 6300 위협…롤러코스터 코스피,"			[앵커]코스피가 장중 6500선을 돌파하며 사상 최고치를 다시 썼습니다.다만 이후 차익실현 매물이 쏟아지면서 한때 6300선 붕괴를 위협하는 롤러코스터 흐름을 보이고 있습니다.중동 정세 불안과 유가 급등까지 겹치며 시장 변동성도 확대되는 모습입니다.이민후 기자, 오전 중 상승했던 코스피가 롤러코스터를 타고 있죠?[기자]코스피는 오후 2시 55분 기준 어제(23일)보다 0.71% 오른 6463.74에 거래되고 있습니다.코스피는 어제보다 1.1% 오른 6480선에 출발해 개장 직후 6500선까지 뚫으며 최고점을 경신했습니다.이후 하락세로 돌아서면서 낙폭을 키워 6300선 붕괴를 위협했다 다시 상승세로 돌아서며 롤러코스터 장세를 연출하고 있습니다.사흘 연속 올랐던 만큼 차익 실현 매물이 출현됐고 6월 인도분 서부 텍사스산 원유(WTI) 가격이 급등하면서 경계심리가 고조되는 모양새입니다.수급 상황을 살펴보면 외국인과 기관이 각각 3천억 원, 4천억 원 넘게 순매도하고 있지만 개인이 8천억 원 가까이 순매수하면서 지수를 떠받들고 있습니다.[앵커]흐름을 보면 반도체주들의 희비가 엇갈렸죠?[기자]1분기 영업이익 37조 원을 거둔 SK하이닉스가 장초반 사상 최고가를 기록했지만, 이내 차익실현 매물이 속출하면서 0.3% 떨어진 121만 원선에 거래되고 있고요.반면, 삼성전자는 3% 넘게 올라 22만 4천 원대에 거래되고 있습니다.특히 1분기 실적이 30% 넘게 줄어든 현대차는 2.4% 가까이 빠졌고 11거래일 연속 상승했던 삼성전기는 5% 가까이 하락하며 숨 고르기에 나섰습니다.달러-원 환율은 미국과 이란 협상 연기에 어제보다 2원 오른 1479원 70전에 개장했는데요.현재는 상승폭을 키워 1480원대에 거래되고 있습니다.SBS Biz 이민후입니다.당신의 제보가 뉴스로 만들어집니다.SBS Biz는 여러분의 제보를 기다리고 있습니다.홈페이지 = https://url.kr/9pghjn"
"삼전 노조, 평택사업장 옆 도로 가득 메웠다…“성과급 상한 없애라” [지금뉴스]","          				0초			       				0초			      	70%  광고 후 계속됩니다.     다음 동영상 subject author      			취소		   		삼전 노조, 평택사업장 옆 도로 가득 메웠다…“성과급 상한 없애라” [지금뉴스]	 	KBS뉴스 	재생  376                   재생 (space/k)   재생 	01:19          			0:00:00		            재생 (space/k)   재생 음소거 (m)          음소거       	00:00 / 	01:19 실시간     자막 켜기 (c)      설정      전체 화면 (f)                      해상도                 자동 (480p)                 자막                사용 안함                 재생 속도                1.0x (기본)         인기 구간 표시    해상도   			자동 (480p) 		    			720p 		 HD    			480p 		    			360p 		    			270p 		    			144p 		     자막 	설정  			사용 안함		  한국어 (자동 생성)       자막 설정  글자 크기    배경색    재생 속도   0.5x 1.0x (기본) 1.5x 2.0x          죄송합니다. 문제가 발생했습니다. 다시 시도해 주세요.   					도움말				     			음소거 상태입니다.		                     도움말                                    라이선스                                    디버그 정보 다운로드                 				고화질 재생이 가능한 영상입니다.				설정에서 해상도를 변경해보세요.			 더 알아보기 	00:00                         삼성전자 평택사업장 앞 도로가 인파로 가득 찼습니다.삼성전자의 과반 노조인 '삼성전자 초기업노조'가 성과급 상한제 폐지 등을 요구하며 투쟁결의대회를 연 겁니다.결의대회에는 경찰 추산 3만여 명, 노조 추산 3만 9천여 명 등 최소 3만 명 이상이 집결했습니다.이들의 요구는 성과급의 상한선을 없애는 걸 전제로 영업이익의 15%를 성과급 지급에 사용하자는 겁니다.노조 측은 사측과 합의가 이뤄지지 않으면 다음달 21일부터 6월 7일까지 총파업에 들어간다는 계획입니다.현재 조합원이 7만 4천여 명인 초기업노조는 삼성전자의 첫 과반노조로, 지난 15일 고용노동부의 확인 절차를 거쳐 근로자 대표의 법적 지위를 확보한 상탭니다.경찰은 만일의 상황에 대비해 노조의 집회가 열리는 도로 양방향을 통제하고, 3백여 명을 투입해 교통 관리와 우발 상황 대비에 들어갔습니다.평택시도 안전 안내문자를 발송해 삼성전자 평택사업장 일대 도로의 교통통제 사실을 알리고 시민들에게 우회도로 이용을 당부했습니다.한편 오늘(23일) 오전에는 대한민국 주주운동본부 소속 일부 회원들이 노조 측 집회 장소 인근에서 노조의 성과급 요구가 과다하다며 반대 집회를 연 뒤 해산했습니다.KBS 뉴스, 최준혁입니다.(영상편집: 홍지윤)■ 제보하기▷ 전화 : 02-781-1234, 4444▷ 이메일 : kbs1234@kbs.co.kr▷ 카카오톡 : 'KBS제보' 검색, 채널 추가▷  유튜브, 다음에서도 KBS뉴스를 구독해주세요!"
한국형 글로벌 빅파마 탄생 가능할까? [정삼기의 경영프리즘],"[한경 CFO Insight]정삼기 씨에스케이파트너즈 대표 skchung@cskpartners.com이 기사는 04월 22일 14:10 마켓인사이트에 게재된 기사입니다.정삼기 씨에스케이파트너즈 대표기사 1. 정부가 국내 제약·바이오 기업의 글로벌 진출을 돕기 위해 글로벌 선도 기업과 협업 프로그램을 통합하고 지원 사격에 나선다. 글로벌 오픈 이노베이션 활성화를 위해 '2026년 K-바이오파마 넥스트 브리지' 참가 기업을 모집한다. … 국내 기업이 보유한 우수한 기술력과 아이디어를 글로벌 제약사의 자본 및 경험과 결합해 신약 개발과 사업화 성공률을 높인다. 기사 2. 지난해 바이오 헬스케어 산업 수출액이 279억 달러, 약 41조 원으로 역대 최대를 기록. 바이오시밀러(복제약) 수출이 증가하면서 의약품은 처음으로 ‘100억 달러 벽’을 넘었다. 바이오 헬스케어 수출액은 전년 대비 10.3퍼센트 늘었다. 반도체, 자동차, 기계 등에 이어 국내 주력 산업 가운데 여덟 번째로 크다. 기사 3. 국내 대기업들이 바이오 산업으로 영토를 넓히고 있다. 2000년대 초반의 삼성과 LG, 코오롱, 그리고 2010년 초반과 2020년 초반의 붐에 이어 최근에는 인수·합병을 앞세워 속도전을 벌이는 양상이다. … 동원산업, OCI, 오리온, 대상, HD현대, 롯데, SK, 한화, 농심 등 대기업 오너 3·4세들이 미래 먹거리로 바이오를 점찍고 사업을 주도하고 있다. 대기업들이 바이오에 주목하는 것은 '정해진 미래'나 마찬가지이기 때문이다. 기사 4. 국민성장펀드, 바이오·디스플레이 등 투자 범위 확대. … 펀드는 상업화 직전인 글로벌 임상 3상 기업에 직접 투자하고 대출해준다. 막대한 임상 자금이 소요되는 만큼 실질적 성과를 낼 수 있는 마지막 단계에 지원을 집중한다. 요즈음 바이오 헬스케어 기사가 넘칩니다. 특히 바이오 제약과는 거리가 먼 듯한 전통 대기업들이 이 분야에 진출한다는 것은 매우 고무적입니다. 그런데, 한가지 의문이 듭니다. 제약이라는 단어는 들어있지만 제약의 디테일은 빠져 있습니다. 왜 제약은 빠졌을까? 우리 기업들은 과연 글로벌 빅파마(big pharma)를 꿈꾸고 있는 것일까? 반도체와 자동차, 조선, 방산의 실력이 제약에서도 가능할까? 언젠가는 ‘추격자’에서 ‘선도자’로 나설 수 있을까? 이런 의문이 떠오르며 한국형 빅파마 출현 가능성을 인공지능(AI)에게 물어봤습니다. 글로벌 빅파마와 한국 제약사의 체급 차이는?글로벌 제약 시장은 '쩐의 전쟁'이라 불릴 만큼 자본 집약적입니다. 지난해 매출을 기준으로 한 상위 10대 글로벌 빅파마는 일라이릴리(미국), 애브비(미국), 존슨앤존슨(미국), 로슈(스위스), 머크(미국), 노보노디스크(덴마크), 아스트라제네카(영국), 노바티스(스위스), 화이자(미국), 사노피(프랑스)로 나타납니다. 미국이 절반을 차지하고 상위권도 장악하고 있습니다. 이들 기업의 매출은 60조원에서 100조원, 시가 총액은 수백조 원에서 1000조 원을 넘나듭니다.한국은 최근 삼성바이오로직스(삼바)와 셀트리온을 필두로 급격히 성장했습니다. 하지만 10대 전통 제약사와 바이오테크 전체 매출을 합쳐도 글로벌 빅파마 10위 기업에도 한참 미치지 못합니다. 게다가 최상위인 삼바와 셀트리온은 아직 제약사라기보다는 바이오테크와 위탁생산(CDMO) 기업에 가깝습니다. 지난해 바이오 헬스케어 수출액은 41조원으로 역대 최고를 기록했지만, 의약품은 복제약 중심의 15조원으로 아직 미미합니다. 세계 시장 점유율은 1.5~2% 내외로, 경제 규모나 제조업 경쟁력에 비하면 현저히 낮은 수준입니다.  한국이 제약 강국 되지 못한 이유는여기에는 구조적, 역사적, 제도적 이유가 복합적으로 작용했습니다. 제네릭 위주의 영세한 시장 구조. 한국 제약사들은 지난 수십 년간 신약 개발보다는 특허가 만료된 복제약을 팔아 수익을 남기는 구조에 안주했습니다. 수천 개의 중소 제약사가 좁은 내수 시장에서 과당 경쟁을 벌였고, 이는 신약 개발을 위한 연구개발(R&D) 투자보다는 병원을 대상으로 한 영업 경쟁으로 이어졌습니다. 신약 가치를 인정하지 않는 저약가 제도. 한국은 단일 건강보험 체계로, 정부가 약가를 강력하게 통제합니다. 이는 국민 복지 측면에서는 긍정적이나, 기업 입장에서는 혁신 신약을 개발해도 국내 시장에서 수익을 거두기 어렵게 만듭니다. 수익성이 떨어지니 막대한 자금이 드는 글로벌 임상에 도전할 체력이 축적되지 않는 악순환이 발생합니다. 임상 3상의 '죽음의 계곡'. 신약 개발의 꽃인 임상 3상은 전 세계 수천 명의 환자를 대상으로 하며, 수천억에서 수조 단위의 자금이 듭니다. 한국 기업 중 이런 규모의 자금을 감당하며 독자적으로 끝까지 완주할 수 있는 곳은 최근에야 등장하기 시작했습니다. 그 전까지는 유망한 후보물질을 찾아도 중도에 글로벌 빅파마에 기술을 수출(라이센스아웃)하는 '중개자' 역할에 만족해야 했습니다.  글로벌 빅파마의 조건: 자본력, 네트워크, 기업 매니지먼트글로벌 대형 제약사가 되는 길은 단순히 약을 잘 만드는 것 이상의 역량을 요구합니다.압도적 자본력과 M&A 전략. 글로벌 빅파마들은 스스로 모든 약을 만들지는 않습니다. 대신 자금력을 바탕으로 전 세계 유망한 바이오테크를 통째로 인수하거나 기술을 사들입니다. 이를 위해서는 R&D 투자비가 매출의 20% 이상, 10조 원을 상회하기도 합니다. 한국의 경우 R&D에서 가장 큰 손인 삼바나 유한양행도 조 단위 투자가 이제 막 시작되는 단계입니다. 자본력 측면에서는 아직 '부적합'하나, 최근 삼성, SK, LG 등의 가세로 격차가 좁혀지고 있습니다.미국 및 유럽 네트워크. 제약 산업은 규제 산업입니다. 미국 FDA나 유럽 EMA의 승인을 얻어내는 규제 대응력과, 승인 후 전 세계 약국과 병원에 약을 뿌릴 수 있는 공급망이 필수적입니다. 이들은 현지 허가 기관과의 긴밀한 소통 채널과 수천 명 규모의 현지 영업조직을 보유하고 있습니다. 한국의 경우 셀트리온이 미국 직판망을 구축하고, LG화학이 미국 현지 기업을 인수하는 등, 점진적으로 부합해 가는 과정에 있습니다. 기술, 조직 및 시스템 관리 역량. 글로벌 빅파마는 수만 명의 연구원과 수십 개의 파이프라인을 동시에 관리하는 능력이 뛰어납니다. 임상 데이터의 무결성을 유지하고, 실패한 프로젝트를 과감히 폐기하며, 성공 가능성이 높은 곳에 자원을 집중하는 '포트폴리오 관리 시스템'이 핵심입니다. 이를 위해서는 데이터 기반의 의사결정 체계와 글로벌 표준에 맞는 투명한 거버넌스가 필요합니다. 한국은 CDMO 분야에서 삼바가 보여준 운영 효율성은 세계 최고 수준입니다. 다만, 신약 개발 전 과정을 관리하는 시스템적 경험은 여전히 '보통' 수준에 그치고 있습니다. 유한양행 '렉라자' FDA 승인과 삼바 5공장 증설의 의미유한양행의 렉라자는 국산 항암제 최초로 미국 FDA 승인을 획득하며 한국 제약사의 비즈니스 모델을 한 단계 격상시켰습니다. 그동안 한국 제약사들은 임상 중간 단계에서 권리를 넘기는 라이센스아웃에 만족해야 했습니다. 하지만 유한양행은 존슨앤존슨을 상대로 '판매에 따른 로열티'를 받는 구조를 확립했습니다. 국내 바이오테크에서 시작된 렉라자를 가져와 가치를 키우고, 다시 글로벌 빅파마에 넘겼습니다. 이 모델은 ‘바이오테크 발굴-대형 제약사의 개발 및 중개-글로벌 빅파마의 상업화’로 이어지는 선순환 구조가 완벽히 작동하는 ‘오픈 이노베이션’의 성공을 증명합니다. 그리고 FDA 승인 과정에서 축적된 방대한 임상 데이터와 규제기관 대응 경험은 유한양행뿐만 아니라 제약업계 전체의 무형자산으로, 후속 주자들이 FDA의 높은 문턱을 넘는 데 필요한 귀중한 가이드라인이 됩니다.삼바의 5공장 증설은 단순한 생산 설비 확대를 넘어, 글로벌 제약 공급망에서 한국의 위치를 '대체 불가능한 파트너'로 굳히는 전환점입니다. 5공장이 완공되면 총 생산능력은 세계 1위 자리를 더욱 공고히 하게 됩니다. 글로벌 빅파마들이 대규모 물량을 한 곳에 맡길 수 있는 유일무이한 선택지로서, 규모의 경제를 통해 생산 단가를 낮추고, 압도적인 속도로 납기를 맞추는 능력이 강화됩니다. 중국의 CDMO 기업을 견제하기 위한 미국의 생물보안법(Biosecure Act)도 거대한 기회로 작용하고 있습니다. 중국 기업을 기피하는 글로벌 빅파마들의 수주 물량이 한국으로 쏠리면, 이 낙수효과를 즉각적으로 누리게 됩니다. 또한 고도화된 멀티 모달(multi-modal) 시설로, 향후 직접 신약을 개발하거나 대규모 바이오시밀러를 출시할 때 강력한 제조 엔진 역할을 하게 됩니다. 한국형 빅파마 탄생을 위한 '쌍두마차' 유한양행과 삼바는 한국형 빅파마로 가는 두 갈래 길을 동시에 보여줍니다. 유한양행은 우수한 파이프라인을 발굴해 글로벌 네트워크에 태워 지식 재산권 수익을 극대화하는 혁신 역량을 보여주는 모델입니다. 삼바는 압도적인 자본력과 제조 시스템 관리 능력을 바탕으로 전 세계 제약 인프라의 심장 역할을 하는 실행 역량을 보여주는 모델입니다. 결국 한국형 빅파마는 삼바의 제조 인프라 위에서 렉라자와 같은 혁신 신약이 생산되고, 이를 통해 벌어들인 거대 자본이 다시 국내 바이오테크에 투자되는 구조가 완성될 때 탄생합니다.  글로벌 빅파마가 모두 선진국 기업인 이유는고부가가치 제약산업이 선진국 전유물처럼 보이는 이유는 이 산업이 단순히 기술력만으로 결정되지 않는 ‘자본, 시간, 규제 대응력’의 결집체이기 때문입니다. 하지만 스위스와 덴마크의 사례는 경제 규모보다 중요한 것이 ‘산업의 집중도’와 ‘전략적 생태계’임을 보여줍니다. 제약산업이 선진국 중심인 이유는 특유한 진입 장벽 때문입니다. 제약은 초고위험·초고수익 산업입니다. 신약 하나에 평균 10~15년의 시간과 최소 수조 원 이상의 자금이 투입됩니다. 이를 견딜 수 있는 거대 자본과 금융 시스템은 선진국에 집중되어 있습니다. 제약은 지식 재산권 보호 시스템이 필수적입니다. 강력한 특허법과 법적 보호 장치가 완비된 국가에서만 혁신이 보상을 받을 수 있습니다. 그리고 제약은 규제 과학의 산물입니다. FDA, EMA와 같은 세계적 규제 기관과의 긴밀한 소통 능력은 오랜 경험을 쌓은 선진국 기업들의 독점적 자산입니다. 스웨덴과 덴마크의 성공이 한국에 주는 시사점은이들의 비결은 세 가지로 요약됩니다. 첫째, 국가 역량의 선택과 집중. 스위스는 수출의 약 36퍼센트가 제약·화학 제품입니다. 반도체가 한국 수출의 20퍼센트 이상을 차지하는 것보다 훨씬 높은 집중도를 보여줍니다. 덴마크의 경우 노보노디스크 한 회사의 시가 총액이 국가 GDP를 상회하기도 합니다. 국가 전체가 특정 산업의 글로벌 1위를 목표로 자원을 배분합니다.둘째, 오랜 역사와 기초 과학 생태계. 이들 나라는 19세기 염료 산업에서 시작된 화학 기술을 기반으로 100년 넘게 신약 개발 노하우가 축적되어 있습니다. 스위스의 바젤 바이오 클러스터는 좁은 지역에 대학, 연구소, 대형 제약사, 바이오테크가 밀집하여 걸어서 이동할 수 있는 거리에서 모든 협업이 일어나는 생태계입니다.셋째, 글로벌 시장을 향한 초기 설계. 두 나라는 내수 시장이 워낙 작기 때문에, 창업 초기부터 국내가 아닌 미국과 유럽 시장을 타깃으로 약을 개발합니다. 한국의 제약사가 내수 시장 방어에 치중했던 것과는 근본적으로 차이가 있습니다.이렇듯 한국은 스위스나 덴마크와는 출발점이 다릅니다. 그러기에 다른 경로가 필요합니다. 100년의 역사를 따라잡아야 하는 한국에게는 ‘IT 융합’과 ‘제조 혁신’이라는 카드가 있습니다. 두 나라의 핵심 동력이 100년 전통의 기초과학이라면, 한국은 세계 1위의 CDMO와 IT 기술이 있습니다. 스위스와 덴마크가 자체 원천 기술 기반의 혁신 신약을 진입 전략으로 삼는다면, 한국은 바이오시밀러를 시작으로 개량 신약을 거쳐 혁신 신약으로 가는 전략이 가능합니다. 두 나라의 강점이 글로벌 규제 장악력 및 브랜드라면, 한국은 압도적 실행 속도와 공정 관리 역량이 있습니다.스위스와 덴마크의 사례는 ‘경제 규모는 작아도, 산업 구조를 글로벌 1위에 맞게 재편하면 빅파마는 가능하다’는 증거입니다. 한국 역시 최근 삼바와 같은 거대 제조 기반이 탄생했고, 유한양행 렉라자처럼 글로벌 임상 완주 사례가 나오고 있습니다. 스위스의 바젤처럼 한국도 송도나 판교 같은 클러스터가 실질적인 협업 생태계로 진화한다면, 경제 규모에 걸맞은 글로벌 빅파마는 충분히 실현 가능합니다. 송도 바이오 클러스터의 경쟁력과 잠재력스위스의 바젤과 덴마크의 메디콘 밸리는 전 세계 바이오 클러스터의 교과서입니다. 이들은 단순히 기업들이 모여 있는 것을 넘어, 독특한 거버넌스와 네트워크 방식으로 운영됩니다. 두 나라 클러스터의 핵심 키워드는 '국경을 넘는 협력'과 '민간 주도의 생태계'입니다. 운영 주체와 특징, 핵심 전략이 비슷하면서도 차이가 있습니다. 스위스의 바젤(Basel) 클러스터는 글로벌 본사 중심의 '슈퍼 클러스터'로 ‘바젤 에어리어(Basel Area Business & Innovation)'라는 전담 기구가 스위스 3개 주의 지원을 받아 운영됩니다. 로슈와 노바티스라는 두 거인이 앵커 역할을 하며, 전 세계 800개 이상의 기업과 1,000개 이상의 연구그룹이 밀집해 있습니다. 그리고 프랑스, 독일과 국경을 맞댄 지리적 이점을 활용해 '3국 통합 인재 풀'을 가동합니다. 한 클러스터 내에서 독일의 기초과학, 프랑스의 임상, 스위스의 자본과 경영 능력이 결합됩니다. 덴마크의 메디콘 밸리(Medicon Valley)는 '메디콘 밸리 얼라이언스(MVA)'라는 비영리 단체가 중심이 되어 산업계, 학계, 공공 부문을 연결하여 운영됩니다. 이곳은 덴마크 코펜하겐과 스웨덴 스코네를 잇는 외레순다리(Øresundsbron)를 중심으로 형성된 초국가적 클러스터입니다. 그리고 노보노디스크와 같은 대기업에서 분사된 스타트업들이 생태계를 풍성하게 조성하여, 대학의 연구가 병원의 임상을 거쳐 기업의 상업화로 이어지는 '트리플 헬릭스(Triple Helix)' 모델의 선순환 구조가 매우 끈끈합니다.송도는 현재 세계 1위의 바이오 의약품 생산 역량을 갖춘 '글로벌 생산 기지'로서는 독보적입니다. 하지만 바젤이나 메디콘 밸리를 따라가기 위해서는 세 가지가 절실합니다.첫째, '생산' 중심에서 'R&D 및 혁신' 중심으로 무게추 이동. 삼바와 셀트리온 등의 제조 역량은 이미 세계 최고 수준이나 이제는 혁신적인 물질을 발굴하는 바이오테크들이 송도로 더 많이 모여야 합니다. 바젤처럼 대기업과 스타트업이 실시간으로 기술을 거래하고 협업하는 오픈 이노베이션 공간과 프로그램이 더 촘촘해져야 합니다.둘째, '글로벌 정주 여건'과 '인재 유입'의 질적 향상. 송도는 국내 인력 위주로 운영되며, 해외 석학이나 글로벌 경영진이 상주하기에는 교육, 문화, 언어 등 정주 여건에 한계가 있습니다. 이를 극복하려면 메디콘 밸리가 국경을 넘어 인재를 흡수하듯, 송도도 외국인 과학자와 글로벌 투자자들이 살고 싶은 도시가 되어야 합니다. 국제 학교, 병원뿐만 아니라 글로벌 수준의 법률·금융 서비스가 클러스터 내에 내재화되어야 합니다.셋째, 정부 주도에서 '민간 자율 거버넌스'로의 전환. 송도는 인천시나 경제청 등 공공 주도의 개발과 지원이 중심입니다. 하지만 정부는 판을 깔아주고, 실제 운영은 기업과 대학이 주도하는 '민간 주도 협의체'가 강력한 권한을 가져야 합니다. 규제 완화나 임상 지원 정책이 현장의 목소리를 즉각 반영할 수 있는 구조가 필요합니다.송도가 생산 허브에서 브레인 허브로 전환하려면 점진적인 단계를 거쳐야 합니다. 우선 목전에 둔 글로벌 제조 1위 기반으로서 CDMO 공장 증설을 통해 시장을 장악해야 합니다. 그리고 단기적으로는 K-바이오 랩허브 조성과 글로벌 자금 유치를 통해 R&D 생태계를 강화해야 합니다. 장기적으로는 자체 개발 신약의 FDA 승인을 거쳐 글로벌 인재가 모이는 혁신 거점으로 한국형 빅파마가 탄생되어야 합니다. 송도는 '하드웨어(공장)'는 이미 세계 최고입니다. 이제 필요한 것은 스위스 바젤이나 덴마크 메디콘 밸리가 가진 '소프트웨어(네트워크, 혁신 문화, 인재 유동성)'입니다. 송도가 단순히 약을 만드는 곳이 아니라, ‘새로운 치료법이 탄생하고 거래되는 곳’이라는 인식을 글로벌 시장에 심어주어야 합니다. 한국형 글로벌 빅파마 탄생을 위한 로드맵한국은 이제 막 '바이오 제약 대전환'의 입구에 서 있습니다. 성공 여부는 바이오테크(혁신성)와 CDMO(제조 역량)를 어떻게 융합하느냐에 달려 있습니다. 정부, 판을 키우고 리스크를 분담. 메가 펀드를 상시화하여 임상 3상을 지원할 5조 원 이상의 메가 펀드를 조성하여 미완성 상태의 라이센스아웃 없이 끝까지 완주할 기업을 밀어주어야 합니다. 한국 식약처의 승인 결과가 동남아, 중동 등에서도 통할 수 있도록 국가 간 상호인정협정을 확대하는 K-FDA의 글로벌 위상도 강화해야 합니다. R&D와 시설 투자에 대한 세액 공제도 반도체 수준 이상으로 격상해야 합니다.기업, M&A와 DX·AX로 승부. 기업들은 전주기 통합 제약사(FIPCO) 모델을 구축하여 단순 제조(CDMO)나 연구(바이오테크)에 머물지 않고, 판매까지 책임지는 수직 계열화를 완성해야 합니다. 자본력의 열세를 극복하기 위해 거대 임상 데이터와 AI를 활용해 후보물질 발굴 기간과 임상 실패율을 획기적으로 낮추어야 합니다. 그리고 제약사는 자금을 대고, 바이오테크는 기술을 제공하며, 대기업은 제조와 유통을 담당하는 전략적 제휴를 일상화하는 오픈 이노베이션이 필요합니다.학계, 기초연구의 산업화 가속. 논문용 연구가 아닌 실제 시장에서 필요로 하는 수요 중심의 원천 기술 확보에 집중하는 랩투마켓(Lab-to-Market)으로 전환해야 합니다. 또한, 글로벌 임상을 설계하고 관리할 수 있는 MD-PhD(의사 과학자)와 통계 전문가 등 임상 전문 인력을 대거 배출해야 합니다.자본시장, 성숙한 투자 생태계 조성. 투자자들은 임상 1·2상 실패에 과도하게 반응하기보다, 데이터의 유효성에 집중하는 투자 심사의 역량을 강화하여 성과 기반의 장기 투자에 집중하여야 합니다. 기술력이 있는 바이오테크가 대기업에 흡수될 때 '대기업의 문어발 확장'이 아닌 '생태계 선순환'으로 보는 시각과 제도 뒷받침이 필요합니다.이러한 측면에서 한국이 글로벌 빅파마를 만들 수 있을지에 대한 답은 ‘조건부 긍정’입니다. 우리는 이미 전 세계 의약품의 상당 부분을 생산하는 '생산 기지' 역할을 확보했습니다. 이제는 그 생산 역량에서 나오는 거대한 자금을 신약 개발이라는 '지식 산업'에 쏟아부어야 합니다. 바이오테크의 '창의성'과 CDMO의 '실행력'이 결합된 한국형 통합 모델이 정착된다면, 머지않아 'K-제약' 마크를 단 신약이 글로벌 시장에 진출할 수 있을 것입니다.한국은 반도체, 자동차, 조선, 방위 분야의 강국입니다. 이 분야의 경험을 토대로 제약 중심국으로 갈 수 있을까?반도체, 자동차, 조선, 방위 산업 등에서 쌓아온 세계적인 제조업 역량은 제약 분야를 '미래 먹거리'로 전환하는 데 가장 강력한 자산입니다. 제약 산업이 단순히 약을 만드는 수준을 넘어, 첨단 기술의 집약체로 진화하고 있기 때문입니다. 한국이 제조업 강국에서 제약 중심국으로 도약하기 위한 핵심 요건은 기존 주력 산업의 성공 DNA과도 밀접합니다.CDMO를 통한 '제2의 반도체' 전략. 반도체 산업에서 파운드리(위탁생산)가 핵심인 것처럼, 제약 분야에서도 CDMO는 가장 큰 강점입니다. 이런 경험을 토대로 제조 공정의 초격차가 가능합니다. 삼바나 셀트리온이 보여준 대규모 생산 능력과 품질 관리 능력은 반도체, 조선, 자동차 산업의 대량 생산 및 공정 관리 노하우에서 비롯되었습니다. 그리고 반도체 설비 국산화처럼, 신약 생산에 필요한 원료의약품, 배양기 등 소부장의 국산화와 생태계 구축이 필수적입니다.IT·AI 역량을 결합한 '디지털 신약' 개발. 한국의 강력한 반도체 인프라를 활용하여 신약 개발의 패러다임을 바꿔야 합니다. 자동차 설계에 시뮬레이션을 활용하듯, AI와 빅데이터를 통해 신약 후보 물질 발굴 기간을 단축해야 합니다. 현재 한국은 AI 심사 도입과 AI 기반 R&D 시스템 자급화에 집중하고 있습니다. 디지털 헬스케어 융합도 중요합니다. 방위 산업의 정밀 제어 기술이나 IT의 소프트웨어 역량을 접목하여 디지털 치료제나 스마트 의료기기 시장을 선점해야 합니다. 강력한 '민관 협력'과 규제 혁신. 방위 산업이 국가 주도로 성장했듯, 제약 산업도 강력한 컨트롤타워가 필요합니다. 무엇보다 패스트트랙 인허가가 우선입니다. 최근 정부는 의료제품 심사 기간을 대폭 단축하는 등 규제 완화를 추진 중입니다. 방산 제품 수출 시 정부가 보증을 서는 것과 유사한 강력한 행정 지원이 필요합니다. 메가 프로젝트 펀드도 필요합니다. 혁신 신약 개발은 '죽음의 계곡'이 길기 때문에, 반도체 클러스터 조성과 같은 대규모 국가적 투자가 뒷받침되어야 합니다.글로벌 가치사슬 진입과 'K-바이오' 브랜드화. 반도체, 조선, 자동차가 전 세계로 뻗어 나간 것처럼, 제약도 내수를 넘어 글로벌 시장을 타깃으로 해야 합니다. 송도나 전국에 산재한 바이오 클러스터를 보스턴의 '모더나' 사례처럼 연구-임상-생산이 한 번에 이루어지는 클러스터 고도화를 통해 글로벌 허브로 육성해야 합니다. 그리고 지금처럼 라이센스 아웃을 더욱 활성화하여 자체 신약 완제품 판매 이전에 독보적인 기술력을 가진 신약 후보 물질을 글로벌 빅파마에 수출하는 전략으로 기초 체력을 다져야 합니다.글로벌 빅파마의 출현 가능성에 대해 AI는 거침없이 궁금증을 풀어줍니다. 우리의 현실 역시 AI의 ‘혜안’에서 벗어나지 못합니다. 그런데 여전히 몇 가지 허전한 점을 떨칠 수 없습니다. 정부는 반도체, AI와 함께 바이오 산업을 신성장 동력으로 삼겠다는데 왜 제약은 빠져 있을까? 바이오 중심의 정책이 자칫 글로벌 빅파마의 기술 용병으로 끝나지는 않을까? 첨단산업 육성은 정부의 뒷배가 필요한데, 단기적인 유형의 성과를 중시하는 관료들의 눈에는, 장기적인 무형의 임상 투자가 밀리지 않을까? 변덕스러운 자본시장은 바이오테크의 싹을 알아보고 인내심을 발휘할 준비가 되어 있는가? 의문은 꼬리를 무는데, 답은 쉽사리 떠오르지 않습니다.영화 ‘프로젝트 헤일 메리(Project Hail Mary)’에서 중학교 과학교사인 그레이스는 지구에서 아득하게 떨어져 있는 우주 한가운데에서 홀로 깨어납니다. 그는 자신이 죽어가는 태양으로부터 지구와 인류를 살리는 마지막 희망으로 그곳에 왔음을 알게 되고, 똑같은 목적으로 오게 된 우주 생명체 로키를 만납니다. 둘은 과학적 접근방식이 완전히 다릅니다. 하지만, 각자의 고향을 살려낼 길을 찾아갑니다. 한국이 기존 전통 산업 강국에서 제약 강국으로 가는 길은 영화 속 여정과 별로 다를 게 없어 보입니다. 이론상으로는 실현 불가능하지는 않지만, 현실은 결코 녹록치 않습니다. 그래도 기대는 걸어봅니다. 영화처럼 말입니다.(본 글은 제미나이와 나눈 대화를 토대로 재구성한 것입니다.)"
"테슬라 'AI4' 칩 업그레이드 버전, 삼성전자 파운드리가 생산한다","테슬라테슬라가 인공지능(AI)칩 생산을 위해 삼성전자와 협력을 더욱 강화한다. 자율주행(FSD)용 칩 'AI4'의 업그레이드 버전 생산을 삼성전자 파운드리에 맡긴 것으로 나타났다.일론 머스크 테슬라 최고경영자(CEO)는 22일(현지시간) 진행된 2026년 1분기 실적 발표 컨퍼런스콜에서 “AI4+(AI4 업그레이드 버전)이 내년 중반 생산에 들어갈 예정이며, 삼성전자가 수정 작업을 진행하고 있다”고 말했다.AI4+(AI4.1)는 아직 정식 명칭이 정해지지 않은 테슬라의 AI 칩이다. 기존 양산하던 AI4에서 메모리 용량과 대역폭 및 연산능력을 일부 업그레이드했다. 삼성전자 파운드리는 앞서 테슬라 AI4와 AI6 칩 생산을 수주받은 것으로 알려져 있다.테슬라는 지난 15일 AI5 칩 최종 설계가 완료(테이프아웃)했다고 밝혔다. AI5는 AI4듀얼 시스템보다 약 5~10배 성능 차이가 날 것으로 알려져 있다. 이런 오버스펙 때문에 차량용보다 옵티머스 로봇과 데이터센터에 우선 사용될 예정이다.지금 당장 차량용 칩을 AI5로 전환할 필요가 없다는 판단 하에, AI4+는 '브릿지' 역할을 한다는 전략을 추진한다. 현재 AI4 성능으로도 인간 이상 자율주행을 충분히 수행 가능하며 AI4 생산 라인도 최대한 활용하겠다는 것이다.이와 관련 일론 머스크 CEO는 “언젠가 차량용 AI5 전환하는 것이 타당하다고 생각하지만 당장은 시급한 문제가 아니다”라며 “AI4 하드웨어가 너무 오래되면, 공장을 가동하는 유일한 이유가 AI4가 될 수 있다”고 말했다.이형두 기자 dudu@etnews.com"
"[속보] 법원, '급식 몰아주기' 삼성웰스토리 공정위 과징금 취소",속보 [사진=아이뉴스24 DB]서울고법 행정3부는 23일 삼성웰스토리가 공정거래위원회를 상대로 제기한 시정명령 등 취소 소송에서 원고 승소로 판결했다. 이에 따라 삼성전자 등 4개사에 부과됐던 과징금과 시정명령은 모두 취소됐다.
李대통령과 베트남 날아간 두나무…K-가상자산 거래소 수출 '신호탄',"빗썸도 관심…거래소 운영·규제 대응 '패키지 수출'시동[서울=뉴시스] 이영환 기자 = 서울 서초구 빗썸라운지 강남점에 비트코인 시세가 표시되고 있다. 2026.04.15. 20hwan@newsis.com[서울=뉴시스]송혜리 기자 = 국내 가상자산 거래소의 해외 진출 논의가 속도를 내고 있다.이재명 대통령의 베트남 순방 경제사절단에 두나무 김형년 부회장이 동행한 것과 더불어 빗썸도 베트남 시장을 주시하고 있는 것으로 알려지면서, 업계에서는 베트남을 교두보로 한 '거래소 인프라 수출'이 본격화되는 신호로 읽고 있다. 특히 거래소 운영 경험과 규제 대응 역량을 패키지 형태로 제공하는 모델은 향후 동남아 시장으로의 확장 가능성을 높이는 요소로 평가된다.23일 관련업계에 따르면 김형년 두나무 부회장은 이번 베트남 순방 일정에 동행해 현지 금융기관과 협력 방안을 논의 한다. 삼성전자, 현대차, LG 등 주요 대기업 총수들이 대거 포함된 경제사절단 가운데 가상자산 업계에서는 두나무가 유일하게 참여했다.김형년 부회장은 이날 한·베트남 비즈니스 포럼에 참석한 데 이어, 베트남 밀리터리뱅크(MB은행)와 만나 가상자산 거래소 구축 협력 방안을 논의한다.두나무는 이번 순방을 통해 업비트 운영 노하우를 기반으로 한 '거래소 인프라 수출'을 본격화할 것으로 보인다. 현지 거래소 운영은 MB은행이 맡고 두나무는 거래소 설립부터 가상자산 관련 법·제도 정비, 투자자 보호 체계 구축까지 전반적인 기술과 운영 역량을 제공하는 구조다.MB은행은 1994년 설립된 베트남 국방부 산하 금융기관으로 약 3000만명의 고객을 보유한 베트남 4대 은행 중 하나다. 디지털 금융 전환을 적극 추진하고 있어 가상자산 시장 진출의 핵심 파트너로 꼽힌다.양사는 이미 협력 기반을 구축해왔다. 두나무는 지난해 8월 MB은행과 가상자산 거래소 설립을 위한 기술 제휴 양해각서(MOU)를 체결하고 베트남 시장 진출을 준비해왔다. 베트남 정부 역시 협력에 긍정적인 입장을 보이고 있다. 팜 민 찐 베트남 총리는 지난해 김형년 부회장을 만나 가상자산 거래소 운영, 기술 이전, 인력 양성 등 다양한 분야에서 협력 가능성을 언급한 바 있다. 한편 빗썸도 베트남 시장 공략에 나선 모습이다. 사이공증권(SSI)에 따르면 응우옌 유이 흥 SSI 회장과 주요 경영진은 지난달 빗썸 이재원 대표와 만나 가상자산 사업 관련 협력 가능성을 논의했다.SSI는 베트남 정부의 암호화폐 제도 정비 흐름에 맞춰 관련 사업을 확대하고 있다. 자회사인 SSI 디지털 테크놀로지는 최근 암호화폐 거래와 매매, 중개 등을 사업 목적에 추가하며 본격적인 시장 진입을 준비 중이다．"
