상풍명,가격,배송비,url
애플 Apple 아이폰 16e 128GB 미개봉 새제품,"440,000원",배송비무료,https://cr.shopping.naver.com/adcr?x=WUtSck8dxAsopM9tXkTwU%2F%2F%2F%2Fw%3D%3DspojuisFSDuU5qGAdRm2zuyxZcvrUPzk97ASbS4kXSCByoYErd7Wx1dfdVO6hh7qVt48n84dncDMDszuSszHxrcKdlAuo4CRofAy%2FiHp8jqv8RtWXQ%2B4yWv%2FzzZujOpojmqs6VA1Ip9%2BaWCyaARjJQGsvQcVfIbwfdcQu8Df56jKCsr8yynXy1Rxgr6zJJ7GpyaxxRm4H8HcYDi0B3B3iQmfQT7uWwvxdz8nMvhXCKF36a1IbrOU94c1aiygYUf%2BvpuyF5V%2BRfeSk2AMSykYXvAeL8mDjug0MMBKQwp4NOEHBz7%2BORHa%2BX777%2F5U82WuFRDpykpOqWZgZqWcBmVwRDaOol1WSMMKpom7eXpcVXYthivBWooHLkHLGxNS5B7OfcRNvmkCkGTEGnQxjgQGSKvzMybi7RS0Fk%2FkZZEnWyH%2B4ikYh%2B1eAo3s9pIcgX6%2FVYIgXIvo1wIoW71vTCRWZ4bQMix%2BJK3SiRs9wofjr0VjMTvqUaZ6cAoko%2BW901jfVf6oNYw9aUvnwg%2BxOScjoEQf%2B8ArsfZxdI%2FVW%2F55BNVWlkX647Zdjjw9%2Br5Mcvp%2Ba4%2BuqL5a1oGaC4MNiTctWmjzUaLji1QUfW5FQpucBI9A4uaHtiksl4nvd3RhSAqxa4En7Khr8n7ppXjNuEqUq7yLynv3Krj06cn3Iwvth0N9Xc50eBITwugSNPH3Ok09sVpGw61BSdoQRvEGgfFlc5w%3D%3D&nvMid=89877627274&catId=50001519
[대여] 애플 17 프로 아이폰 대여 렌탈 합정 잠실 서울역,"29,600원",배송비무료,https://cr.shopping.naver.com/adcr?x=aEl3VGTIAmqrmg004TIMJP%2F%2F%2Fw%3D%3DscWFUXfhh4WRYUPFz3mmKkGU6JGRad8ekE6qQ%2Bbe49NNyoYErd7Wx1dfdVO6hh7qVPgzfQu6ax6ShzGdjYkwdlcKdlAuo4CRofAy%2FiHp8jqv8RtWXQ%2B4yWv%2FzzZujOpojmqs6VA1Ip9%2BaWCyaARjJQGsvQcVfIbwfdcQu8Df56jKCsr8yynXy1Rxgr6zJJ7GpyaxxRm4H8HcYDi0B3B3iQmfQT7uWwvxdz8nMvhXCKF0oyQ0fzbU1Rctud7qIKtJ%2BpuyF5V%2BRfeSk2AMSykYXvAeL8mDjug0MMBKQwp4NOEHBz7%2BORHa%2BX777%2F5U82WuFtw%2FxhWLOzVOefuiOYPXy7Izkh4S0t%2BlcFRTXH7kruD3NVUXkswcLN16%2BAAXIWOhE5GAjyHXDzSiiNWYR1MbNBvzMybi7RS0Fk%2FkZZEnWyH%2B4ikYh%2B1eAo3s9pIcgX6%2FVLtaC22DJVgf3rcZWHKhiY5U4rR1D8%2Fkj5lZZK4A0mg3W3YiJz9Ysveq7i38OZcRRJOzJ7yKfEQ%2Fzq63%2FJzjoF70Snw70hDt7v2M%2FDJfTuKEU4xa7ecUpTf5YwNw8BgTQPmSjnagq4pk5GqvHbbrVfgZOOXuePHQnl547DMdmcfwrxwfreOTzEnggPR9IXyw7O7ba1iG2kYZpEBOY652tHHYUcTjBQ73DL%2FKWA8x04jIJIBOr4SjVg0Na%2BQ4REvuXyxN7sowf3bBszTOFNQxvCQ1QmAmnoJRdq4K9btjkCM0%3D&nvMid=89926920107&catId=50000249
아이폰 17e 256GB [자급제],"최저990,000원",배송비무료,https://cr.shopping.naver.com/adcr?x=Vs5enPU8Nalyr7xX%2BOOrTP%2F%2F%2Fw%3D%3DsjM%2B6nC3qnz0K8cwAvKKydVt%2B2QdFyRc0B%2F2hMorzRGVyoYErd7Wx1dfdVO6hh7qVCuWc%2Fir7EjN6yUjhk8iAJsKdlAuo4CRofAy%2FiHp8jqv8RtWXQ%2B4yWv%2FzzZujOpojmqs6VA1Ip9%2BaWCyaARjJQGsvQcVfIbwfdcQu8Df56jKCsr8yynXy1Rxgr6zJJ7GphmeWtJmvw8M90EK%2Bzy5a114nEdwofithSFzlLG8az9DckHIAnfcjW8vGv5f9g%2BRiIk7uNvEAL%2BEcmclsT2kPbblIRP%2BZOH7CveIqcMav0VHAxv4URztT%2BCzU46RYnjZBnAKf8C291BuVeZpLynUOGBCGSQdcrj%2BZJHLmJxgT%2FbsFbfqvhBmyFER%2BD7e%2BrtE2UBguoXjn8VEXpVwKJye8OTokh7KNEkkbwBBKOUFOEEqtrFOJ3BrPLpJ%2BiuodUZE4cqRCzBzq%2BZ7C0%2BXpOo%2F9X56w3fTsVOcMxcwGWvIHbjAQOYZSUFOk0NowZKJmQXY1IjbxAMh%2B10%2BjmxnveZkXVJ1Onp%2BDkHHmMQfoVQkl5YPuY50xg6ShjmxU8oRUZBg0QMM3VrPYICWyvwdVL6h3L5%2F8UUBP2CPICJzg7nGD6n3OduR%2BPsV7T9%2BB2%2BT13ktfFHVi0DXMWvDeFi1NpjEi7PoLRdeTzJJo5DQ5ovPMjEV7dI6A5WbNL2uBK9u5vWERoxOAkuxMuKmX1bKzjWglw4VsN%2FiAcjmtIwlTUFZwg6A%3D&nvMid=59125506333&catId=50001519
아이폰 17 512GB [자급제],"최저1,526,400원",배송비무료,https://cr.shopping.naver.com/adcr?x=y1uWiK5ZgNjPLxJcQRxhI%2F%2F%2F%2Fw%3D%3DsKEvDOrOhmHdTx58xgZfdoFiwgni%2FIk%2BHAPn3mDULHbJyoYErd7Wx1dfdVO6hh7qVySIj0DCgdSVFbRVjiDLej8KdlAuo4CRofAy%2FiHp8jqv8RtWXQ%2B4yWv%2FzzZujOpojmqs6VA1Ip9%2BaWCyaARjJQGsvQcVfIbwfdcQu8Df56jKCsr8yynXy1Rxgr6zJJ7GphmeWtJmvw8M90EK%2Bzy5a114nEdwofithSFzlLG8az9ASBNXkEhetsnaK17idpx5DIk7uNvEAL%2BEcmclsT2kPbblIRP%2BZOH7CveIqcMav0VHAxv4URztT%2BCzU46RYnjZBnAKf8C291BuVeZpLynUOGBCGSQdcrj%2BZJHLmJxgT%2FbtkL5JdTHDItRySe25wAAG1qkF3yiAf4FXLJ0zM1ALh%2Fjokh7KNEkkbwBBKOUFOEEqtrFOJ3BrPLpJ%2BiuodUZE4cqRCzBzq%2BZ7C0%2BXpOo%2F9X5MwgaHrWoAzPHLMkZSfFhfUSgDmcZNTYZrDOvWBgF%2BEIjbxAMh%2B10%2BjmxnveZkXVBBY3GVy%2FFVxNiiDD0ajcaJWfyGhvOKhC5sogwlOWguqRk4jDd56UR3RaL8sHCkMNJ%2BDXq5agdDRnjR0L8btIZgWZOLRBTbpupD%2BjqAp5m8A7m8VbJqZwMsjB68y%2BZenI%2FoLRdeTzJJo5DQ5ovPMjEVL5fYzYfBPcP5atu0unYyCoxOAkuxMuKmX1bKzjWglw4VsN%2FiAcjmtIwlTUFZwg6A%3D&nvMid=56642218976&catId=50001519
Apple 정품 아이폰 16 자급제,"1,150,000원",배송비무료,https://cr.shopping.naver.com/adcr?x=qiCzpb9pApcw8e%2Bwvh2zUf%2F%2F%2Fw%3D%3Ds8vdsyExo6Vrkb9jFUE6vD89rD7YZP%2FQh7Qz039mlFBVyoYErd7Wx1dfdVO6hh7qVSdO3Grfr0soljJCt%2FriMJ8KdlAuo4CRofAy%2FiHp8jqv8RtWXQ%2B4yWv%2FzzZujOpojmqs6VA1Ip9%2BaWCyaARjJQGsvQcVfIbwfdcQu8Df56jKCsr8yynXy1Rxgr6zJJ7Gp49gWwo4YAEWGPlnOMWQUB4qPKnSzTV71gbnTAjWaxQ%2FVXbnm%2BnwcWedO6RdcKQlz04PiKfdXpFTjMpWBt9zZ2mP%2Bv2q8waYYGpwT9eXccY6uAoMerSmE7FU8igD5uoN0MYHcLoqb%2Fr6oOcDNJ16biMbTxAJTjZlykDm%2BtSsshRWZQqRhCsri8hpH3OfQx5F%2Bvmag%2B%2Fop%2F5g%2FL5qUx%2ByOq71u0VchI%2FdIw9GKebMknuc%2Fa18qhDQ1A%2FKJp3fgBDor391W%2FC1w5SVs2sYtTdFSejbnPgsj0tsw34HYgdsLP7dAW7ixYLpcsqjM1QROR6OxgzRGQMqXBWNWeUALR9IuSlLAFi7nH5XNuOe%2BR1dz0uAfQ4FmJr4k5yw11bVHr%2ByiPP4%2B8cA3N7J%2Bt0e9QnKaJGUdtgOqeBpHQeUxIe1ruqzXQE7PHL3voyu%2Bm%2F02kzbStF5p8rySOprSsihfr5ElM12e%2BiiWQpU2i6IrG8WK0hBED8fn5kJE187NvD1Yi%2FpzJjenVfaaeUM8BALBwY0DNMvTtug4vCjEvohqOyQz59m%2BNIZAwc0QOOe3zK6TFatnWqP9BoxkmFVRvNk6Yvz9Q2hopkeKUdu5q4dSKA0zkoA%3D&nvMid=55291676020&catId=50001519
아이폰 17 프로 256GB [자급제],"최저1,790,000원",배송비무료,https://cr.shopping.naver.com/adcr?x=gd9%2Bj0iX2Kjm%2B6c7XWudPP%2F%2F%2Fw%3D%3Dst26lQGC00N0%2BwGizq2DYHbNhvPi7JvAJtT6M3Fwbfr4AjU5j3gjlMYsRq8%2BGHFpSRqPmiQG%2F5%2F2KxfADD03cBzXJD0NsZoE8wg%2BLc2SvDZhHRaISaXjSXtxpkOUV9xcVq9tHYv1dOwnoO11Zd00M4WWWc0M5pcDR9kqAoy6jtOWjM5qdfE9DCOxQJliScnP52h%2FqNbmMd3P9tE5jamCbKQuIB8ncdehaYvLTVmrbJlHSiXb6zz2L%2B5jNO4HxHYW2KE8%2FrcQcPlkXN90E4qVcd%2BE8YCiibN06F7pXXqOPTLBHWM2eO096DnXAhkJUE%2BCgjawqgMhyP6kR8AQxQG3jmKTq%2FbD2MGowZHhNOyBhpCeUgj7JhipZW7dJJfFyMQl0PVh7GnPW%2FWB3zctl%2BMhPk2ovNxFWzA781dOsDXmXgY0GilyaKM5kn%2Bdjf5FjA7VexhAmnG%2BFOakk2AvAWMwRFoYLGdVQnyr1l5dG887fW5K3pY2fecbkO829tGU3HiNBnD38MxfZLVnMXa3E7TvClIe3kV4b8ftfDD%2F8y4AtKiXnahqedVYBSMmfLu6Mi5AQdSPBAwoeZ9kQaz1H%2FmDOAbNaauGidoIrBxc4yFVIWPvLEgaZ79LSNIHNdkcjS3llxeltLuzxzfQs4xE7hS4CqE%2Fg8w8cKe509NmMZFQPeJRVtf5s714TmdBGBjdUocJ2%2FzETMIlSCfoSBgOrRhGFRmO0QScdmj79W4Ike%2ByYeOsNUJgJp6CUXauCvW7Y5AjN&nvMid=56666065238&catId=50001519
SK 기기변경 애플 아이폰17프로 512G / iphone17 Pro,"1,440,000원",배송비무료,https://cr.shopping.naver.com/adcr?x=RDZ%2FwEViBQLx%2FKPyUHLc%2Ff%2F%2F%2Fw%3D%3DsdPoWQWx6SjR7DyvjzgtwKly%2BPXo1Q7NCm02kp9FT0KPxTAJR5s3V3RheLYZrm3hTsjJc7SJQLyGB0r%2FLFYIbJWg6HabDTRx466CGciRiUnFBZuMfzSBinsMMtj7lqMfU1BbizgNQraOZoPuaSMvlFhdzqVu80S2WlRbsvJPi9sD%2BVmbbp7MNgQlG85Bu2tyV2qqp1XNIAFe3%2Fk5gPxIsHLL7oh4VZdlChKy1%2Boh76B2S7FN4peW5t0CB9uPtn3EwHcVl7mMylRVjy32mkTPV0dqtVOKb%2BOhsOj67Z5f8SDTOQPDQQGQn%2F1ZCcgRIJ8s4a%2BpHa6ewb0%2FDpcGez9%2B2Mmaf7oVVn%2BbTDsruUdhAA7suD8yYAaFdXdKd5Ff2gN6wZHy3oN8vTD4MW096f7Lod99iLbvTMZqV5V3ro8SZQ1z8zMm4u0UtBZP5GWRJ1sh%2F%2BnlI9TbjCzD6GLOSalHrk3M8Hg9CJ78CHX3hLlJN0i%2FB2yIUU0wj6OMcom%2FjxrpsG7VzC9O34yZ7AVlchY%2F7ByPQ24TLY9Zc0Iv66T7hffIQFXJOBPwt3KypL2n1UtN2mPl41JUo6kGB%2FACtO5SGhFIsPJnt%2FlrQn86vizKgfDFRUl7ibpPgP1moPkZw4FSCa1jS8Ua1hwiaLnWMxworxnaEOcLu8XtgSNhqocrIy%2FQJYg4ye3uRJUnld8p2oUSdb1NmOoRBMBsXNQGXzjfbC%2BFUQB%2FrDAzm2q1KHRsHkfE%3D&nvMid=57170283301&catId=50000246
아이폰 17 256GB [자급제],"최저1,237,980원",배송비무료,https://cr.shopping.naver.com/adcr?x=hPGGVhEAUQ7ZE2hqsQI%2Frf%2F%2F%2Fw%3D%3DsS2KNsJA9lU%2FtVKl%2FqSN93iRYwWiKreRdfgtHz0Pj8psAjU5j3gjlMYsRq8%2BGHFpSUQjtGTpLwlcanRobzueoMDXJD0NsZoE8wg%2BLc2SvDZhHRaISaXjSXtxpkOUV9xcVq9tHYv1dOwnoO11Zd00M4WWWc0M5pcDR9kqAoy6jtOWjM5qdfE9DCOxQJliScnP52h%2FqNbmMd3P9tE5jamCbKQuIB8ncdehaYvLTVmrbJlFlgwnY10jeH1vd3Jmfq4COf9rpZnXyjVrh4zFZymw2IOE8YCiibN06F7pXXqOPTLBHWM2eO096DnXAhkJUE%2BCgjawqgMhyP6kR8AQxQG3jmKTq%2FbD2MGowZHhNOyBhpCeUgj7JhipZW7dJJfFyMQl0AdvHIlzf3fiY8a8i5SJQsWovNxFWzA781dOsDXmXgY0GilyaKM5kn%2Bdjf5FjA7VexhAmnG%2BFOakk2AvAWMwRFoYLGdVQnyr1l5dG887fW5J%2FUdyNkRPL%2BAD4VfV10UYfnD38MxfZLVnMXa3E7TvClIe3kV4b8ftfDD%2F8y4AtKiUd%2Bl1iaotZQcq%2BaX8JasyQmcSHjF3j2KkHVVFyK1Pwf9Pb0Wb3DnZjFQ8xmIZAQ%2BPgCS5YpQ%2Bkkt%2Brk0CbiZTFgFW6fjj%2FlUdS6Cu1gFIbKRGk4XMJtozo5T3u6g%2BJ%2BOvravEARA9oVx2yeiMnlWyVmBVJKi5CG5JIj1oRCQvfzc2OqH9l6YII5ugOGfB4CYY%3D&nvMid=56666632837&catId=50001519
Apple 아이폰 17 프로 자급제 256GB - 실버 MG8G4KH/A,"1,790,000원",배송비무료,https://cr.shopping.naver.com/adcr?x=1VNj9tsxUjuQp%2BNbVtjT0f%2F%2F%2Fw%3D%3DsXMIBV1ghPJ1x675kmnnzAM2kXd71P1KcNKZlja77YKsAjU5j3gjlMYsRq8%2BGHFpSVz%2BDdYpd2JaOxTGJ9BLeWDXJD0NsZoE8wg%2BLc2SvDZhHRaISaXjSXtxpkOUV9xcVq9tHYv1dOwnoO11Zd00M4WWWc0M5pcDR9kqAoy6jtOWjM5qdfE9DCOxQJliScnP5h83Hd%2FMBIIhr38vFu%2BvG0owZskL6yDBLDhBo2NNhhqQnHI9LI0O0kpbw8XHProF7dv5nXukfOfT%2Fq1m6X4DloxbjJAQtVtMhXuf3vBkiefWWJtbYdpuqrFbHuKPmsLusD1Qmf2ge%2BrufpCO7m6iFQ18lUY49HlBtNyvk%2BHq4sD5hQSmgze6QnRtzEI0kpKnh60Oi1YZIliHU0gk656f7nKc4qsaagY5tFJ3MNkqRCtolXTdy6Sn%2F2yromYu89VyUO9uetsR3z5fBjyhKe6PuHGEVrWgSbxxn7KTcf5WT55h%2FlLnJwMa7Bt8R2%2FUDqQrC0eMn4GV2u6tmGTh6QW7chaxE72Mq9PUXJ35QDaBB8Ns02UmuiKi8gHAkjOD39Y0kQiIkFktOpZwc1pYDNSKYLSFcc45kyknzRfkxFP2%2FNtaAbSceZcpfPIip8X%2BGLDmc8HV1pNdGpC0mzjRqzqffAyN4m6GHP7pnST%2F6HJlBSRAx9jqHLuBQjjhKRAfyM%2BbVC%2FHFuL61jkC7kIuL3CiiCDPGaPqAuYXRdq5oOsBGONePBimPDZwOttZjcrwUclZ95BAcb3x2T2J8SyK1CbFpmzxQ5k3ddV9%2BW0MBTTOmWmHLVWGr8fvvH1mWvUgXPK6j&nvMid=59278488268&catId=50001519
Apple 아이폰17프로맥스 512GB Apple 미개봉 새상품,"1,160,000원",배송비무료,https://cr.shopping.naver.com/adcr?x=tJcS%2BJtiMBZMv%2FRUabxAHP%2F%2F%2Fw%3D%3DszkW8%2BA8oLMwLNDLt50V%2FHrS8eic9ODrjp6F1YDPUs9VyoYErd7Wx1dfdVO6hh7qVuRL50d9iADEuyvtgvtjyTcKdlAuo4CRofAy%2FiHp8jqv8RtWXQ%2B4yWv%2FzzZujOpojmqs6VA1Ip9%2BaWCyaARjJQGsvQcVfIbwfdcQu8Df56jKCsr8yynXy1Rxgr6zJJ7GpyaxxRm4H8HcYDi0B3B3iQmfQT7uWwvxdz8nMvhXCKF2EaqFhIsapuPwUapBxsGLMpuyF5V%2BRfeSk2AMSykYXvAeL8mDjug0MMBKQwp4NOEHBz7%2BORHa%2BX777%2F5U82WuFPW%2FWhsws%2BmqKZySCwtxb%2F5Qdthw76I25KVl0AVqa83UWx7xw8HcqUa1BT%2FCvQMHRcRNvmkCkGTEGnQxjgQGSKvzMybi7RS0Fk%2FkZZEnWyH%2BD0qI1iTmY6BP1Bz%2B1oGFXrgM8Wsl4JrCusPjbQkxd%2Fdd3Axm%2F6yNo6r9oiUqfo%2FaMZ7Y7hdhH1nZXxF8sB8ClO9lP3sjXx1ZpgXaTnslXT9fqi2PUyF9Bz3hDCwe5%2FgeKctKm0QMNuMQToaFuuhkoISARV5XsHc2lmrtxidijYmoRp%2BEOb53D8azlIvT9146xChwsQYZrTCyV4dzakWStSqWNzrhHAjVmve4yljuwnK0LIrPg25HijHltqWVD9MRF2e7wb7ZPZU%2Fb1dnU9sYKaGimR4pR27mrh1IoDTOSgA%3D%3D&nvMid=90912314913&catId=50001519
해외아이폰5C 풀박스 공기계 무음 카메라 8GB 5C,"79,000원",배송비무료,https://cr.shopping.naver.com/adcr?x=P10GXxLL2l3HqmqlnCB38v%2F%2F%2Fw%3D%3DsaOWnIeP1%2BZP4l1knG1IyuowTO%2BZkiTPF2h67y1iMHUPxTAJR5s3V3RheLYZrm3hTrZJkxppavlWrI1xRAWJ9TWg6HabDTRx466CGciRiUnFBZuMfzSBinsMMtj7lqMfU1BbizgNQraOZoPuaSMvlFhdzqVu80S2WlRbsvJPi9sD%2BVmbbp7MNgQlG85Bu2tyVRL6iu0rN9ANYEXkZX8p%2BoSEm%2FeWMmjv1VUimPr%2BbdY40nx2Qtg%2FWiXX2w%2FgtqANgnyrDruLHOz6yE3BnPfYlawSsuJVqkvCUm54YYnYiEnOKx7G3krbJiQXzryuwwOqJJld2PxkkfcqArXnBZTnYpI%2BmYvsp9j0QKjxKzkBiU5ZdrU9gBvTOY8XVxGgpGxxd2YxKyH%2BD%2F0Zv8r75v30Dkrc309dNYVswcZEcr9fsFHIYgJuGb9wOz13w4SeoTSEof68s3FGZ5bzWhRqYApLsf1b70xOLoOcyBJcCpDzeWLmI1Qd2RBVhsS2lmyu2sPoWBHvzDeH1oYoAaXSG6utEzyIEVVENiEi8%2ByEOXpAr%2F%2F1pzuitxqZii%2FdPNVAkpLWDUY03D2Pxs7GtPKqUxd6lo6OuBZD%2FQkGyMe53inOjnLVXVSOR8odun6gO5qXCzNb8lHCfiYI3lseq1qp9Q6KJkzOsEm21PYvjJuD1Rw9tbdlXc50eBITwugSNPH3Ok09sVpGw61BSdoQRvEGgfFlc5w%3D%3D&nvMid=90749142379&catId=50000249
아이폰 17 256GB Apple 미개봉 새상품,"490,000원",배송비무료,https://cr.shopping.naver.com/adcr?x=ATgMqgwkiNTsNDOaIosIYf%2F%2F%2Fw%3D%3Ds6DzOjwklH%2FLs982nPxqUn%2BIzGzdpxT50mWdZ9wXFTRhyoYErd7Wx1dfdVO6hh7qVwjcORP%2Bn4AIwIdLUImJsccKdlAuo4CRofAy%2FiHp8jqv8RtWXQ%2B4yWv%2FzzZujOpojmqs6VA1Ip9%2BaWCyaARjJQGsvQcVfIbwfdcQu8Df56jKCsr8yynXy1Rxgr6zJJ7GpyaxxRm4H8HcYDi0B3B3iQmfQT7uWwvxdz8nMvhXCKF2a75aeWWyWnLSJMoL6bi3HpuyF5V%2BRfeSk2AMSykYXvAeL8mDjug0MMBKQwp4NOEHBz7%2BORHa%2BX777%2F5U82WuF3RVFdow0%2FjZs3BDN2jcF1uaThARZ8ABMga2VpUGZ7jY%2FCgNVhXBCBtEVNR3ZL60AcRNvmkCkGTEGnQxjgQGSKvzMybi7RS0Fk%2FkZZEnWyH%2BD0qI1iTmY6BP1Bz%2B1oGFX%2FX8L9BKoxGouiVdi49q4bZga96vkTny6QqegmA7aLt6tu7YnXWcYFoX8Y33UXKSMZpwld0o62%2B6BeXAKgaxeSDulBXMG7WVUNNGPsx5675doel%2FFKVw9ic3GjYvVqBPikQ6P2TjvU55NPlNw4VDjQw%2FtRs2MgkAFbAzurpTEm5Z7KoADgH6H8GMc7bn6WeTtzOOEgY3TsEAVrVy1gn%2FIefDUrD7XHwYclQ9qMxbuquIOEsHC78VBLnFZh%2FnDobeN&nvMid=90305072272&catId=50001519
Apple 아이폰 16프로 512GB Apple 미개봉 새상품,"890,000원",배송비무료,https://cr.shopping.naver.com/adcr?x=Jqn8rcS%2Be%2BIrDua%2Bl11vnv%2F%2F%2Fw%3D%3DsUz%2FBcnGDqicflOcVP5BTQIRFOTzfI5diN59pGG2cYmLxTAJR5s3V3RheLYZrm3hT%2BmBn%2B9Ny9uEsxFPEzxKxAGg6HabDTRx466CGciRiUnFBZuMfzSBinsMMtj7lqMfU1BbizgNQraOZoPuaSMvlFhdzqVu80S2WlRbsvJPi9sD%2BVmbbp7MNgQlG85Bu2tyVRL6iu0rN9ANYEXkZX8p%2BoSEm%2FeWMmjv1VUimPr%2BbdY6elAK0NtdJHbSbyFB4KWYtnyrDruLHOz6yE3BnPfYlawSsuJVqkvCUm54YYnYiEnOKx7G3krbJiQXzryuwwOqJ%2FHZqXFIG7%2FQKaEUdnZEG%2B0HhcJbvXsRwD840kMRc4mRdrU9gBvTOY8XVxGgpGxxdyDnQHRCYofERVOP5kax9trc309dNYVswcZEcr9fsFHLiPh9SEkWjwNqXzvc6cZNleA0wt0GeXEqXqr5lBdTDHMzWXB9DLtKtEf8SyGaf8R2Oc3bONMto5mRFL8cN3pA0gmdGWpH7lOakf3eb7ThakfwD9FqBCNnMrMJATV%2FJyhZdnvoolkKVNouiKxvFitIQGO8gMwURmXYvz6VcJATvbNYbukAj06EPMRzwFdQ4TCD2Lap8IESkq10jT9%2BDQTX1zWMMq%2Bgw0%2F8wkB4xuBEejBTpetZ7c1ji%2BFSV9Lec3ZEDfkLIyuldBS3f8m8e6nLmzUhNzs2VE%2B%2Bisqs3JAEppg%3D%3D&nvMid=90886769996&catId=50001519
Apple 아이폰 15프로맥스 256GB Apple 미개봉 새상품,"690,000원",배송비무료,https://cr.shopping.naver.com/adcr?x=PLvv6uZmAG3sd1%2FWlI6hi%2F%2F%2F%2Fw%3D%3DsJrDZ3i3scfHyKxyv80roiGfKBEOCRpWrCA0YdsXQCddyoYErd7Wx1dfdVO6hh7qVFsVgbAZ9vHYSRcfUe150zcKdlAuo4CRofAy%2FiHp8jqv8RtWXQ%2B4yWv%2FzzZujOpojmqs6VA1Ip9%2BaWCyaARjJQGsvQcVfIbwfdcQu8Df56jKCsr8yynXy1Rxgr6zJJ7GpyaxxRm4H8HcYDi0B3B3iQmfQT7uWwvxdz8nMvhXCKF0KTVEBDoI%2BXjHb%2BS8WzZhfpuyF5V%2BRfeSk2AMSykYXvAeL8mDjug0MMBKQwp4NOEHBz7%2BORHa%2BX777%2F5U82WuFVpr5PihDD5%2BgWcDDizNkCKTL98yfoZQgngIoQgWW6wZDVbEgVJXE3UPdoSHBLWrfcRNvmkCkGTEGnQxjgQGSKvzMybi7RS0Fk%2FkZZEnWyH%2BD0qI1iTmY6BP1Bz%2B1oGFX3jDstKvduS7lBm4GO13Tkdd3Axm%2F6yNo6r9oiUqfo%2Fa%2FOe4F1x7QKWUBqUqZLck2f0%2FuGXTHPNXvdit0u0DiefdsVZu7K1raTue%2FeeszrwqGw9JUNCznOm0ti%2F3ZAfl4UPaZkWtVu1ROdo0ACu7k9Z7gChjGP1bGvdqWbGhoBIaxChwsQYZrTCyV4dzakWStON1oSzqROIa%2FbpLm6pBjC34hI0ZEC67HMtb4EcUBxvw8UOZN3XVffltDAU0zplphy1Vhq%2FH77x9Zlr1IFzyuow%3D%3D&nvMid=90887142112&catId=50001519
Apple 아이폰17프로맥스 256GB Apple 미개봉 새상품,"1,000,000원",배송비무료,https://cr.shopping.naver.com/adcr?x=i1bNwi8R7UQZ6cU4wO0Alf%2F%2F%2Fw%3D%3DsQZkt%2FV%2FWkAL29W4JlMQO50fpJ6rZLgwU%2BbYU%2B4J%2BaixyoYErd7Wx1dfdVO6hh7qVKEEyRK8tBRSDcfWEO3cToMKdlAuo4CRofAy%2FiHp8jqv8RtWXQ%2B4yWv%2FzzZujOpojmqs6VA1Ip9%2BaWCyaARjJQGsvQcVfIbwfdcQu8Df56jKCsr8yynXy1Rxgr6zJJ7GpyaxxRm4H8HcYDi0B3B3iQmfQT7uWwvxdz8nMvhXCKF2f93PX4P1mJrmhaaembAEKpuyF5V%2BRfeSk2AMSykYXvAeL8mDjug0MMBKQwp4NOEHBz7%2BORHa%2BX777%2F5U82WuFl%2Fmm%2BQrk1gcy8SwQPgmQUW%2FCvx2sb3303li5rLJYzZ8Wx7xw8HcqUa1BT%2FCvQMHRcRNvmkCkGTEGnQxjgQGSKvzMybi7RS0Fk%2FkZZEnWyH%2BD0qI1iTmY6BP1Bz%2B1oGFX11dre6K2wu4swkMm3eCkEtd3Axm%2F6yNo6r9oiUqfo%2FaMZ7Y7hdhH1nZXxF8sB8ClGPauuyKVw61KV0FpoGN3wdfqi2PUyF9Bz3hDCwe5%2FgeKctKm0QMNuMQToaFuuhkogxUd%2FdMGu%2BsweKM3ea6X12cM81KRNVOIGo96FIlFiQaxChwsQYZrTCyV4dzakWStSqWNzrhHAjVmve4yljuwnMoX%2BlzIZG02%2B1Wknkta0shF2e7wb7ZPZU%2Fb1dnU9sYKaGimR4pR27mrh1IoDTOSgA%3D%3D&nvMid=90912309226&catId=50001519
아이폰17 에어 256GB 미개봉 새상품,"745,930원",배송비무료,https://cr.shopping.naver.com/adcr?x=1jWUlRfMQMhJXX67%2FWZE4f%2F%2F%2Fw%3D%3DsTabufUnpXvukCYdMEh8BZS8AfNeA4%2F6AQuaI3NncMalyoYErd7Wx1dfdVO6hh7qV3enC%2FFU4vY8kER%2F3j%2B7HP8KdlAuo4CRofAy%2FiHp8jqv8RtWXQ%2B4yWv%2FzzZujOpojmqs6VA1Ip9%2BaWCyaARjJQGsvQcVfIbwfdcQu8Df56jKVgLsWfqj8uMnD1WaBqJqruEG9WfH6Te6BM2aWwMT1BZs0wI%2BjI4EdU5ednfvvXUaQm19DTBWm8pSkqFI4lAViF2egStnT8AI0kJPIyoR466f1TtwrfCJbY53%2FlPUaAWx1V6TT2B%2BOPt4ties4w35o4oTEE5Rg4lOWEsQ3lzPT8DbWCiPcfspTbPwEJoPlC3DKmbjbvZw35gkYmwux0s1%2FKx%2B2marDJrIWHS70L477YZwCn%2FAtvdQblXmaS8p1DhgQhkkHXK4%2FmSRy5icYE%2F27ZC%2BSXUxwyLUckntucAABtVfJAZXUKqq1aXbqetpUqtbHvY%2FUzN94OzIr5wG3PfiAX5BUVVdkrY3zQ9HOtfA2xIToHpwQWwXk6gKyRincQPUM5SDZfvNkISq2hNHB%2Ba7z%2BLQZ%2B%2BY%2FiRaF5vOwEUD31KsGE4uyxhKsa2R7hguA1VUIhMf2jLQ0c1tzkmMWnt1zWa0urtk6Gz1jAPPmq0qDuR2hB0PvPhVNmcYc5mX2ApaMuNgB59xGjF04sQbn5%2Fg41PYKkMZWL3YZ5htb8Yu6xC6CIOHlLyf7tFzQx427OB1hcCkzVy8Oet7eLaZnkL3BLIP6zyN13VlOTj4%2BabZBpOR79U%2F6Az3gE9mQ%2Flgn57E%3D&nvMid=58572682535&catId=50001519
애플 아이폰 16e 256GB 미개봉 새상품,"583,000원",배송비무료,https://cr.shopping.naver.com/adcr?x=cfGwyVuGINheId2DHu2Z2v%2F%2F%2Fw%3D%3DsktYqZROkRZNEhMRn43tZJWTgJDOrceloFa4lS6OkptrxTAJR5s3V3RheLYZrm3hTT4OpiZhbyxBCFHxcZ38mz2g6HabDTRx466CGciRiUnFBZuMfzSBinsMMtj7lqMfU1BbizgNQraOZoPuaSMvlFhdzqVu80S2WlRbsvJPi9sD%2BVmbbp7MNgQlG85Bu2tyVRL6iu0rN9ANYEXkZX8p%2BoSEm%2FeWMmjv1VUimPr%2BbdY7RIAv7jx%2BI2o1Ga9AqhxN%2FnyrDruLHOz6yE3BnPfYlawSsuJVqkvCUm54YYnYiEnOKx7G3krbJiQXzryuwwOqJxRCnywdcLjgl7aD8NmwMvTylLEuAdPtFelsw51teib5drU9gBvTOY8XVxGgpGxxdyDnQHRCYofERVOP5kax9trc309dNYVswcZEcr9fsFHJLlk8sE25SdshmO3SrhrqnnFEi6q5G5ZCK4lCzbPbtl%2FhohWtl8Syxr%2FkMz1F1OV21ErVd75xFfDINv%2FyHZsIXvFKnDmKZIBkzNEHOC0SN08T4LNhk1f3YB6aFMHGZazZi1tbwPI3N5bz3u34BtZTPBbeaERJqJr%2BZUvGyP9HqrZAJTisD2oQhMmHfRPpWpo6vu3%2FapzhgIDY1O619WwNxmjsVqFVbVQNNNtjf3UghtLuP83DR66SZYn87DRSJtiEdHI8FZtQVGFZJxOyBDKc%2B&nvMid=89835399469&catId=50001519
Apple 아이폰 16프로 256GB Apple 미개봉 새상품,"690,000원",배송비무료,https://cr.shopping.naver.com/adcr?x=ziXuQ3NiNct4MFCKzceImv%2F%2F%2Fw%3D%3Ds5mcP06zulQtVpmQPj29V%2FW6cOlg%2ByxotGiwf2mzT3TtyoYErd7Wx1dfdVO6hh7qVAHXQSAuhG6wgFIeWF9NJNMKdlAuo4CRofAy%2FiHp8jqv8RtWXQ%2B4yWv%2FzzZujOpojmqs6VA1Ip9%2BaWCyaARjJQGsvQcVfIbwfdcQu8Df56jKCsr8yynXy1Rxgr6zJJ7GpyaxxRm4H8HcYDi0B3B3iQmfQT7uWwvxdz8nMvhXCKF0%2Bdf44mNnXr2IHt%2F%2FcLNGEpuyF5V%2BRfeSk2AMSykYXvAeL8mDjug0MMBKQwp4NOEHBz7%2BORHa%2BX777%2F5U82WuFJ77Bae5auL6t2KVpgkjqwDE0BwOgg6asaLauO0quEDVDVbEgVJXE3UPdoSHBLWrfcRNvmkCkGTEGnQxjgQGSKvzMybi7RS0Fk%2FkZZEnWyH%2BD0qI1iTmY6BP1Bz%2B1oGFXtnDWqnBckeP%2Fcya5YqM4Utd3Axm%2F6yNo6r9oiUqfo%2FaMyxi8LYG0fvVotYanIcq7h%2FkfUAOfEwVQMZ7UPp0JxFmtLq7ZOhs9YwDz5qtKg7kdoQdD7z4VTZnGHOZl9gKWDNYWVtTaL%2FoN1UqYIsIr0QmI2JZJqb56ZaqQcUGlr4pP1EE4mXey%2FC2t2n8AeL2GaSJ0T8sN5Cd4iVtz809QB5fmut8lUep2%2FFoVqb60Q0VhUeD7yh49V28yQVytRwLMBq7h9PA5SrIXrcWPClBGWw%3D%3D&nvMid=90886762658&catId=50001519
아이폰 17프로 512GB Apple 미개봉 새상품,"1,108,380원",배송비무료,https://cr.shopping.naver.com/adcr?x=A6w4McCzGZen0WTaHkOcb%2F%2F%2F%2Fw%3D%3DsBE%2BlP0kL6ZE27WbZRek3%2Bh59PbFWM3RvPa5gXBMr70lyoYErd7Wx1dfdVO6hh7qVVRsxUvrJiTBIjSGWNd1W0sKdlAuo4CRofAy%2FiHp8jqv8RtWXQ%2B4yWv%2FzzZujOpojmqs6VA1Ip9%2BaWCyaARjJQGsvQcVfIbwfdcQu8Df56jKCsr8yynXy1Rxgr6zJJ7GpFxq2b0Ha94BJbSQZrwlFpUre%2FP2d8vXo0%2Bm0aE8BwvVvPRvp83%2B7AUiIoxCDhyW2%2Br%2B6jjNyojp4o2AKISHVh9PEqB6HynbIwx9W3LZozY%2FbphGtSALXK%2BNoJmI7VOqcDvJbtkuP2rz6XLVgxyOImMI3jBK6rjMltjiuA8jXg%2FDu3u9McBTHt%2BAQQss677TVvW7RVyEj90jD0Yp5sySe5z9rXyqENDUD8omnd%2BAEOivf3Vb8LXDlJWzaxi1N0VJ6sFqFin%2F%2BAjlnLbi%2FdYpYw24L9HQASs5Pr6HbyqEO%2FzaFvIJJK89HyB%2F1VSF9qpB8oQYi3JQGmgSVD%2B3nubvAyffzvwbBbOxpPLFn%2FzymT09OSjrwRFWLbKX9WtZBak4WSGvyA3Mo4deUUDeSDOc2k1nYO9pT%2BQJktVzzOPvN6iuCZ0ZakfuU5qR%2Fd5vtOFqR%2FAP0WoEI2cyswkBNX8nKFl2e%2BiiWQpU2i6IrG8WK0hCLB1%2FiQypFVMDcAoxbsJB%2Fg55Ina00PjIw1pOxe2UKOo8GKY8NnA621mNyvBRyVn0V9uvuv4u5IUvkTWj%2FRDWnv1t%2BQzfSsII4IJ5MVXHjgmhopkeKUdu5q4dSKA0zkoA%3D&nvMid=58489812226&catId=50001519
[대여] 아이폰17 프로 대여 1일 단기 렌탈,"19,800원","배송비3,000원",https://cr.shopping.naver.com/adcr?x=syV%2FuV9ejpPAuPx7LosC5%2F%2F%2F%2Fw%3D%3DsGTgP9rDjuv%2FwuXEFvQafGS66QF0EtGpSPRkLs8Nio%2FjxTAJR5s3V3RheLYZrm3hTxU3AFfbYHmJ8Z8M7Tc4VBmg6HabDTRx466CGciRiUnFBZuMfzSBinsMMtj7lqMfU1BbizgNQraOZoPuaSMvlFhdzqVu80S2WlRbsvJPi9sD%2BVmbbp7MNgQlG85Bu2tyVRL6iu0rN9ANYEXkZX8p%2BoSEm%2FeWMmjv1VUimPr%2BbdY62eaP7FnmpKSRROqLXj9%2FSnyrDruLHOz6yE3BnPfYlawSsuJVqkvCUm54YYnYiEnOKx7G3krbJiQXzryuwwOqJAVWOICZP3YSs4tci9i%2BOT4Ld%2FL1zH4PpSePNBJ4XojxdrU9gBvTOY8XVxGgpGxxd2YxKyH%2BD%2F0Zv8r75v30Dkrc309dNYVswcZEcr9fsFHJvlWqkJEG84XHZ1qnjADWZshV2sUnQHnibIA3Zbw6XR%2FCK3Ods7g8ibXMptA%2FTa%2FRclrdrp9%2BuIQisrI79y%2BWHqLG09AACtBNCR%2BSHWNI7hploDOP3MAy%2FmSfBXrcMloiBOLEbX1EKCj8wAmeXMM%2FAtOKg12FF4uZSv5hKtJzFI9Of4i9zFrBXE2548%2F2S162Hsxu12FuwfGw56IePKtHOagPkfaI5TgLAiiB48u3wPDb9An2HpfaCVizyWyk%2BmVPHICEQpPL7Rm%2B2fyhjEhHR&nvMid=89970471330&catId=50000249
Apple 아이폰17 프로맥스 자급제 모아보기 색상/용량 선택,"1,990,000원",배송비무료,https://cr.shopping.naver.com/adcr?x=QzbQUJewiF1ZvCRzUBuUDP%2F%2F%2Fw%3D%3DsZcZLidV2W%2FSUTSNvWbMvUWokMbOtov1%2BVRjMeOTJKNxyoYErd7Wx1dfdVO6hh7qV2qeZZjUrKKW2%2BKNgh7qvQsKdlAuo4CRofAy%2FiHp8jqv8RtWXQ%2B4yWv%2FzzZujOpojmqs6VA1Ip9%2BaWCyaARjJQGsvQcVfIbwfdcQu8Df56jKCsr8yynXy1Rxgr6zJJ7Gp2VNqRRUOojs5WUX%2F32yb5RUWkZ5On5BVeI8cTEGmUZvnx8Aid%2BWslEVnY5aE%2BDqClXHPDWb0ZFzg8vFjsAm34Lt%2BCGdxkcJBKYAQS0VI%2BE0hluH2kw5IEIAuXNnO13ke04kOs4eSY0WncLq1f%2B0if%2FOlIutnUpvB%2F6qNTiqijLW6OscWn1LZ6r19cT%2FB%2FuXSVYy5tocLBMcURZZ7jj%2BGsN9%2BKy%2Fm0d%2BgYWHtEf61Jo4AUk0tbEb%2BPaAR8Zvsauh4CoVBNga6V11gIbvf3VTIxCRw2ELcvRztmjQO3F%2FxCizYe9CsbWrnsboog%2B94RL%2FICEoqZZIk%2BLErnqxYDA0Qot%2B8wkqOgCqvqBysaoMZ1JzoPDB8UaUURBBmzPCX34SGRcleHoXZFkS4mZucb2Ew5sZzisxHuyEDbPbWMmh%2BVYP67CRA6V5kHA%2BxauLQv6JXmr2Jtlp9LPhDL9u2ItV3z6vbg1OO50lkByxZ6qpGIIi2JJJ2pXeLfQI9nV6dV7St%2F5SnDNHpn8cvNfZVQi4gvGFHHiVDbp0msWxfPbGdKDg2IWAinpDwg720zBf8CUKX0zfuIQXi73ntIokBpuroiWZLTOZ%2FbLhWnCwhSqoHDXtvgBHAk5Jrwk5tp3JuiKPQHRyPBWbUFRhWScTsgQynPg%3D%3D&nvMid=58238239534&catId=50001519
Apple 정품 아이폰 15 자급제,"960,000원",배송비무료,https://cr.shopping.naver.com/adcr?x=sM5wmWBl8F4cK8MgrJpBZv%2F%2F%2Fw%3D%3DsTvRGM05LO8VMbYB%2FUCLihWghy%2FfOyOMj6KgQcd9ZSGQAjU5j3gjlMYsRq8%2BGHFpSuMkYWs25zfxuRsXNvh0LzzXJD0NsZoE8wg%2BLc2SvDZhHRaISaXjSXtxpkOUV9xcVq9tHYv1dOwnoO11Zd00M4WWWc0M5pcDR9kqAoy6jtOWjM5qdfE9DCOxQJliScnP56InUdgRJ2eKXcsL2jyhcXKQfvg83DEGAmQ8NhqAZnU8%2BtslBK1Y5fIFUlVO0wI%2BmlWVGHL374MgBQjWaRm9hsiwYxEf9600NO%2FGLrlEB7P7dEmrnVhjRbHoCKSUPu57SmXgi%2B92t6GCmRxhUVf2eF%2BQ0%2BtpzIkS2sZNq9XOnyLEO1eQH1T3JXodDEp%2BuuDMNe6rN8T9WaWO3StoK%2BG7lE%2BHJESAzkkvpZxm6n8sviEqAbCY81f975eS5nfR25FBiP83WAv8GAIoQ0MwLPWeb%2FcSRsBydheRxkuo6eBgtdVuFBqlYsZUWsJTnzT9yWjaXK98KaIZa4VBE0V5wqYGSTrDiNIdCg2qv2sQXiO4L1R3PGbKfX3ZgUYyLdP8Xe2N150v4eg9SSsVo4Okmemxuc4wefsEME1qpc2agpsB5My8oQPsa6i6Y75Yyr6rvmd0cz1OkQtIATGlWWlfA3NfyUfvEVRk%2FE8aTkcUvIkm9EZsHcVcUapUpIyo3INhDJpGhz72SBD8AMji1dDSx6b1I5y6CIOHlLyf7tFzQx427OB0nPuUXHX22xMi02jcuPv%2BwkQZWuiNGvDMM3fC%2F3d9vLuR79U%2F6Az3gE9mQ%2Flgn57E%3D&nvMid=55292968180&catId=50001519
Apple 아이폰 16e 자급제,"769,900원",배송비무료,https://cr.shopping.naver.com/adcr?x=wKxuMfWVi18fXjZoX0iBhv%2F%2F%2Fw%3D%3DshiO2eJhb7E3BGEP0YLw4wuUReIPtbxK9R%2FJFuxxfZggAjU5j3gjlMYsRq8%2BGHFpScZ6RNKUKNlHX4sp1N0ZBYTXJD0NsZoE8wg%2BLc2SvDZhHRaISaXjSXtxpkOUV9xcVq9tHYv1dOwnoO11Zd00M4WWWc0M5pcDR9kqAoy6jtOWjM5qdfE9DCOxQJliScnP56InUdgRJ2eKXcsL2jyhcXKQfvg83DEGAmQ8NhqAZnU%2Bgv%2BZwN8sH4vmDJ29O89xprGarPHYhtkmvq2lJcaT%2F2wQRXeTF5lDFejzS%2BPmJIHWGYJ%2BODj9hpPq84Ratil5b59C%2Foj9djOPnfugkhZLpPVA22dFY1v3%2BqKANGlDulAB9jyMpZl34jCSHGn%2BY89d2e6rN8T9WaWO3StoK%2BG7lE%2BHJESAzkkvpZxm6n8sviEqAbCY81f975eS5nfR25FBiP83WAv8GAIoQ0MwLPWeb%2FatUjCE4H0sjKO7VRM2cMw6FBqlYsZUWsJTnzT9yWjaXK98KaIZa4VBE0V5wqYGSTrDiNIdCg2qv2sQXiO4L1R3PGbKfX3ZgUYyLdP8Xe2N1FArwUNbK2BkMvj%2FMvsIhtIwefsEME1qpc2agpsB5My9rjZ2xmQBbSTpS2KGtxtV5%2FA3IZsmkHBVOazQHYucjUpprvKT3oEdrWswGCBwg%2BY9ngbejLS%2FLpYZNdHbBzE5pWITFkRTE5nzE9e4nQnvklPQjf4rJV5QK4Q2sntWyiHhkys%2FViZa4Umo92nnv%2BaZBpIU33S%2FW02BdYsOjMZhO6g4SwcLvxUEucVmH%2BcOht40%3D&nvMid=59055219299&catId=50001519
해외애플 아이폰17 홍콩판 물리심+e심 무음 자급제 공기계 홍콩폰 256GB,"1,394,500원",배송비무료,https://cr.shopping.naver.com/adcr?x=vPw5D0wEWU6gAVufh%2Bu%2BjP%2F%2F%2Fw%3D%3DsS0cqJdMWuR6FESph0HDJmd6m7RZc3oExLkHtuadF1URyoYErd7Wx1dfdVO6hh7qVdqzcV09dzOkpvHF1ASVTRcKdlAuo4CRofAy%2FiHp8jqv8RtWXQ%2B4yWv%2FzzZujOpojmqs6VA1Ip9%2BaWCyaARjJQGsvQcVfIbwfdcQu8Df56jKCsr8yynXy1Rxgr6zJJ7GpyaxxRm4H8HcYDi0B3B3iQmfQT7uWwvxdz8nMvhXCKF0jvxChFppOeaePThO%2BNi8apuyF5V%2BRfeSk2AMSykYXvAeL8mDjug0MMBKQwp4NOEHBz7%2BORHa%2BX777%2F5U82WuFIyxpt7pDt3bDDg15WqzDU1LsW0zCXwbZyRipteFW8WNpcQ9JNInFJ3gONrE6ztrcraxTidwazy6SforqHVGROHKkQswc6vmewtPl6TqP%2FV%2BarHEmw2xIvlo1xCFkhjjq8Fne969BYT3qaHrBEwosEht1eZEdmqFMVih5BkFboXJ7IFfVVJzzTjLfsY3tbeSt1z2LO60LS23Ga3hMkkml5ic2RU%2BlZd4XE1a5jzQVG4a7xgJP3OxrfSXRhodyQ68WV%2BxCmsP4M1wsa26qXDKcZSDq9nTmZYGyWF9GJ7rGgfCZuAIoLXgVf6V9YHYg6DoybKimcMQ5VEjpNYhyZ4fvqthu1Nd28US2XKxlFVMidwkvPjADIwCQQxHH3ocB95yhUC5NE1SdJeu5Uy0zlCYZGG9TZjqEQTAbFzUBl8432wvhVEAf6wwM5tqtSh0bB5Hx&nvMid=89926063437&catId=50001519
애플 아이폰 16 프로 맥스 256GB 새제품 미개봉,"1,280,000원",배송비무료,https://cr.shopping.naver.com/adcr?x=g8Q8SbKpwhGPtQyEzalPYP%2F%2F%2Fw%3D%3Dsai9HCOdcz%2F6lwkHyS%2FmrfLM%2FbJozUgAkdr0K5Pet%2FTsAjU5j3gjlMYsRq8%2BGHFpS0JOBibeHbYSLYYosFYfgpTXJD0NsZoE8wg%2BLc2SvDZhHRaISaXjSXtxpkOUV9xcVq9tHYv1dOwnoO11Zd00M4WWWc0M5pcDR9kqAoy6jtOWjM5qdfE9DCOxQJliScnP5hNAWEw0JCsb7LJXBJqKWV9015zgK%2BP5r4ZCysDfiDpXh5wextXzQ0rTf%2BO2zcJD8Y393YSJdQo8y3BnwtwxjWs5A8NBAZCf%2FVkJyBEgnyzhr6kdrp7BvT8OlwZ7P37YyZp%2FuhVWf5tMOyu5R2EADu4FlEORDChkE3Pb4S4OXlDcTz8VbJodmRZYRvgRzcuzxgzRGQMqXBWNWeUALR9IuSlLAFi7nH5XNuOe%2BR1dz0uAfQ4FmJr4k5yw11bVHr%2ByizWHPY7TVB2K4quPdhACUmveNnLyPzeGX8ERK%2Bc4RFjGqW5FGLNSwnP%2FLjFBHpr3%2BafZr5V9APwWxiLRimT63EWlWn7xAsVjcxVlScVkjz1iUtDJ6OZTxrK%2FoW%2FePX7ssCVrY8hht6oB2ykxvE9KgcNFtYggoVF9KkhUkWUwoBtyxChwsQYZrTCyV4dzakWStJQEFMLFqwkcnR2OrwLXpmZFgGSQxVquKtSp9HrQbT8m534zRWmCL5t94LTvN9kkJy1Vhq%2FH77x9Zlr1IFzyuow%3D%3D&nvMid=89711759353&catId=50001519
아이폰 16프로 256GB Apple 미개봉 새상품,"814,090원",배송비무료,https://cr.shopping.naver.com/adcr?x=8LuXsPzo7KUySs4FcHpwh%2F%2F%2F%2Fw%3D%3Ds2fBGEBWl7SN78i9a4zpivINP97e%2BmjaVP812gBZo5TVyoYErd7Wx1dfdVO6hh7qV%2FXG%2BkONtvUi6KjX6EZ0Jr8KdlAuo4CRofAy%2FiHp8jqv8RtWXQ%2B4yWv%2FzzZujOpojmqs6VA1Ip9%2BaWCyaARjJQGsvQcVfIbwfdcQu8Df56jKCsr8yynXy1Rxgr6zJJ7GpFxq2b0Ha94BJbSQZrwlFpUre%2FP2d8vXo0%2Bm0aE8BwvWpEPO%2Bje2AwNp0vzxt8u7vXTz2841o2A%2BMsAJc2e57h8qunbz9kkiQlUONd2AofxjbphGtSALXK%2BNoJmI7VOqcDvJbtkuP2rz6XLVgxyOImMI3jBK6rjMltjiuA8jXg%2FDu3u9McBTHt%2BAQQss677TVvW7RVyEj90jD0Yp5sySe5z9rXyqENDUD8omnd%2BAEOivf3Vb8LXDlJWzaxi1N0VJ62wYOvh3jjgKxqvcNJF6FJ24L9HQASs5Pr6HbyqEO%2FzaFvIJJK89HyB%2F1VSF9qpB8oQYi3JQGmgSVD%2B3nubvAyffzvwbBbOxpPLFn%2FzymT08%2Blv68hRS6KyqcJSD0uT4zSGvyA3Mo4deUUDeSDOc2k45zds40y2jmZEUvxw3ekDR2ksXI6XBXz7h9pHklkZjX%2FAP0WoEI2cyswkBNX8nKFl2e%2BiiWQpU2i6IrG8WK0hCjGhci10dunh0BrV2vXYYOvsPewoNPP9h1%2B%2BEHet0kyxohtPjA9PZFWriSd2EhWtTwbap%2FmJD0HVkipn%2BpfUDf4wHJYgGQomNxyDFh8IFTtstVYavx%2B%2B8fWZa9SBc8rqM%3D&nvMid=58489811341&catId=50001519
아이폰 16프로 티타늄 256GB 미개봉 새제품,"944,000원",배송비무료,https://cr.shopping.naver.com/adcr?x=Bu1eXhdQZhVw2dyFPfeWQv%2F%2F%2Fw%3D%3DsPwr1XHwqEAcD7lD0OH8iuqoodMDBjm4qEf6rcT%2FiJ2hyoYErd7Wx1dfdVO6hh7qVgg%2Ffifm6Uk7usRg5zWEeHcKdlAuo4CRofAy%2FiHp8jqv8RtWXQ%2B4yWv%2FzzZujOpojmqs6VA1Ip9%2BaWCyaARjJQGsvQcVfIbwfdcQu8Df56jKCsr8yynXy1Rxgr6zJJ7GpyaxxRm4H8HcYDi0B3B3iQmfQT7uWwvxdz8nMvhXCKF2jbc681x%2B%2F3gmeGvmvSMAYpuyF5V%2BRfeSk2AMSykYXvAeL8mDjug0MMBKQwp4NOEHBz7%2BORHa%2BX777%2F5U82WuFDRWc3jkDoiJJf2JRlt%2FPJYaha3nLCLWVacsp2AqogQESJGRp24aa2lUFhxO%2FQJkGcRNvmkCkGTEGnQxjgQGSKvzMybi7RS0Fk%2FkZZEnWyH%2B4ikYh%2B1eAo3s9pIcgX6%2FV2C0QIFmdaLiWSgKlPqU4i5ga96vkTny6QqegmA7aLt6N3p5c0DfpcDT8m30E4WePa%2BO%2F8Ddk4YTzIsYHWUQx8NOEPo5mDwVZWXIVeYsJHlFs4kSnIUT%2B3twRsCCJRLf5sa53LL69Gf%2Brod5EId6uIiT%2B3R1dPNspK7XKiBm5cPP79DuisDAVO7T0vyYU9dB0tqJVTV2gtf8Yl9jmHkwkQhHDXkPIh%2BbrrNlR5vx15WBvU2Y6hEEwGxc1AZfON9sL4VRAH%2BsMDObarUodGweR8Q%3D%3D&nvMid=88900069890&catId=50001519
아이폰 17 프로 맥스 256GB [자급제],"최저1,990,000원",배송비무료,https://cr.shopping.naver.com/adcr?x=hR3h8Bo%2FvqS6eLPEM0gFVP%2F%2F%2Fw%3D%3DshtSd0mohjuD4rGAo2VzTILnPen4JEkZRxqxg%2FNd20eJyoYErd7Wx1dfdVO6hh7qVQlISVBcOGU64Ncs9M0pB1MKdlAuo4CRofAy%2FiHp8jqv8RtWXQ%2B4yWv%2FzzZujOpojmqs6VA1Ip9%2BaWCyaARjJQGsvQcVfIbwfdcQu8Df56jKCsr8yynXy1Rxgr6zJJ7GphmeWtJmvw8M90EK%2Bzy5a114nEdwofithSFzlLG8az9DIVQ91h5S%2BQvV9MDm9A13fIk7uNvEAL%2BEcmclsT2kPbblIRP%2BZOH7CveIqcMav0VHAxv4URztT%2BCzU46RYnjZBnAKf8C291BuVeZpLynUOGBCGSQdcrj%2BZJHLmJxgT%2FbtkL5JdTHDItRySe25wAAG1E5DM39lmf5thbwoOqtQwLzokh7KNEkkbwBBKOUFOEEqtrFOJ3BrPLpJ%2BiuodUZE4cqRCzBzq%2BZ7C0%2BXpOo%2F9X5MwgaHrWoAzPHLMkZSfFhch6Pw7%2BIOEWig3f%2FK7oOJIIjbxAMh%2B10%2BjmxnveZkXVBBY3GVy%2FFVxNiiDD0ajcaLS9smqMQBpas540n2guvUZR756KDaj62DcbSaw0V6nhlYGf4hWFNqfGLzZ3c%2FGP5wVHaYTupYbf8mDO1BZY8bUs%2FwGKUozltUWUbv%2FGDb5njzUaLji1QUfW5FQpucBI9CP9ozmdV%2FWs5eTR9VTjChb1Ys3WOro5rXyFDYiXnFAKJ9WonbWb0RbOZlNNEmK%2FUsOEsHC78VBLnFZh%2FnDobeN&nvMid=56666180942&catId=50001519
해외아이폰 17 프로 iPhone17 Pro 홍콩판 듀얼심 무음카메라 자급제 256GB,"1,897,000원","배송비100,000원",https://cr.shopping.naver.com/adcr?x=5For6XzS1OwPOY5q0dbVsf%2F%2F%2Fw%3D%3DsT16IZn5aDSi4YxeAUFUU3Q6OIX21O54g%2FCxtJSwFF%2F8AjU5j3gjlMYsRq8%2BGHFpSQh714WEm6VFxEjDwTB0a%2FzXJD0NsZoE8wg%2BLc2SvDZhHRaISaXjSXtxpkOUV9xcVq9tHYv1dOwnoO11Zd00M4WWWc0M5pcDR9kqAoy6jtOWjM5qdfE9DCOxQJliScnP5hNAWEw0JCsb7LJXBJqKWV9015zgK%2BP5r4ZCysDfiDpVw7xuj%2FV0CPq4oPNczy23P1eiBlEzBdnfQskYgLXfqUs5A8NBAZCf%2FVkJyBEgnyzhr6kdrp7BvT8OlwZ7P37YyZp%2FuhVWf5tMOyu5R2EADuxPNEqPwNQ%2FpbjBEZqawLEg5B0pae9wQrZMIjJrfJHq1gzRGQMqXBWNWeUALR9IuSlLAFi7nH5XNuOe%2BR1dz0uAfQ4FmJr4k5yw11bVHr%2Byi1hPTNezz4HUQgoTx2HNZjl5ezwmEqvXD99NCiDaUaKQlZM%2BTMteHR67IoRXmEwivj1u44swkdS8scn25UZPgUPXiRaHc8A4PCXjTySTcw%2ByW%2FdqfMIP5NFxlGv2xta71tHBnEeLifAf0QJ6y9Y4d18FG0eB4z1Xh7Y1qhJPHnBfj5ErhwmE2kF2hw2EisTS%2FQH6T7Yrw3r%2FETqxdhG5uYj9%2FzcPnU6dBYy4AxBVyfPvdC28r%2B11CUgqSTCH7YFgGREtj3fr8IxGLpLj7y2oCXRL4F5nBIe0YMMHRJ%2FfBYyYGruH08DlKshetxY8KUEZb&nvMid=89923435612&catId=50001519
Apple 아이폰 12 mini 자급제  화이트  64GB,"348,000원",배송비무료,https://cr.shopping.naver.com/adcr?x=F9yt63bmTqcpCjHPGL1Qdv%2F%2F%2Fw%3D%3Ds3KWMk0LpHMfVCrwfCFUIpwJ4PfLjYbG9sNUapHrIDilyoYErd7Wx1dfdVO6hh7qV6tTx5YL0EAClEm1WySLhYcKdlAuo4CRofAy%2FiHp8jqv8RtWXQ%2B4yWv%2FzzZujOpojmqs6VA1Ip9%2BaWCyaARjJQGsvQcVfIbwfdcQu8Df56jKCsr8yynXy1Rxgr6zJJ7Gp49gWwo4YAEWGPlnOMWQUB4qPKnSzTV71gbnTAjWaxQ8K0vzrc1MN6Wq0egkkOYlBlpstgOy9zp%2BUjPayjciHK1CKn5rFcfQ7z965oI0sayBGvVAb1IUpXBFuFi%2B1ZNb%2BS2SseMCphcLsrQsHBrXPYnp9OaHODlSTr8j1kQ1akVOrSI8ikOze51w8ItrWR%2FyMsPb4vekTzARyEf1DfM016pwCn%2FAtvdQblXmaS8p1DhgQhkkHXK4%2FmSRy5icYE%2F27ZC%2BSXUxwyLUckntucAABtTE7LJeMYnxhVmzbhAdXYF3f5TRm4ebkeqR55xTMCpWjnKrUh8YkpOVdSSVE2zYi4EWMT8%2Be7NKdcJ7h89OPlaJ4BJNlLFxk3PvF8yy1APiKlJJWTS2hl1hEtmDyyoN8%2BJwQPibd4OA%2Fd68Roc91pAT29OVakHBW2mm34vh%2FIYnuqQ3JjaRH1Md2JXjjLdkl16qxooFPrzMUUYUNd7o29tpRb4LyLTguxku3EHe0YSVN6xK0Il3%2Bki33fXWloAcELdOf4i9zFrBXE2548%2F2S161DLpBGLZ0j%2FMpyMMZQ66w1TpP633%2FTI7Ufp8Gr%2B2bIAV2Ucn07GFOLQwP9Gb%2BrihwGruH08DlKshetxY8KUEZb&nvMid=59440054535&catId=50001519
해외아이폰se 아이폰se1 공기계 모두의애플 se1 골드 WIFI 16GB,"116,500원","배송비16,500원",https://cr.shopping.naver.com/adcr?x=duTVE%2Bm8Zyfiol%2FGPHRs7%2F%2F%2F%2Fw%3D%3DsvwfEOlL%2BU%2FRm6Rxyb14EF%2FHimAaKskcftkvaFYDsV8VyoYErd7Wx1dfdVO6hh7qVfATby1nyBNi9bZJPdwfDhcKdlAuo4CRofAy%2FiHp8jqv8RtWXQ%2B4yWv%2FzzZujOpojmqs6VA1Ip9%2BaWCyaARjJQGsvQcVfIbwfdcQu8Df56jKCsr8yynXy1Rxgr6zJJ7GpyaxxRm4H8HcYDi0B3B3iQmfQT7uWwvxdz8nMvhXCKF1hi0pLwAgtnkt5HNVqPmIGpuyF5V%2BRfeSk2AMSykYXvAeL8mDjug0MMBKQwp4NOEHBz7%2BORHa%2BX777%2F5U82WuFDUHVss68%2F%2BP6JV7OwEL%2Bjt4sSGTw%2BUfxADqbmZkmPy0xV13zJQi1K9pSiaKRyja3nRTjgUuPyugKQaYCODnWBkWMT8%2Be7NKdcJ7h89OPlaI677r0X2bWMRy1nKwV%2FVkad4pKc%2BFb4o4aqm%2BzTQQyl3k8bMEqY7ZpcvcQSdtkMphh6uiYOlAFZqsQtnCTPxKOiXUdVoigu8RI9UYFmd6bz%2BwOtz3niKBlhgja0o8CJCYV6FvprLT6AUcuQSsLYQDkjPOD4ljry3ozrBB12RH%2BjuvJP%2BGuCoc79sa9kJAMoH1S4Su5Cn5WaJXEnRtYJC7sS3%2FBRFNK%2Bpu8t6nDgy9yBsUNMKI2vYiotH%2FBFxqrisr4WYBle%2FIUFhWouTd7o18Wb1NmOoRBMBsXNQGXzjfbC%2BFUQB%2FrDAzm2q1KHRsHkfE%3D&nvMid=89679698641&catId=50000249
Apple 애플 아이폰 14 128GB 미개봉 새제품,"587,000원",배송비무료,https://cr.shopping.naver.com/adcr?x=KBFcE0GuoXKYztDHw9h8qv%2F%2F%2Fw%3D%3Dsb1fvBCBhds1zcs7X%2FXNy1meP19EX6BAREaOGOnlMYhNyoYErd7Wx1dfdVO6hh7qV1LOATL0G0%2F1dmbmYIkz8GsKdlAuo4CRofAy%2FiHp8jqv8RtWXQ%2B4yWv%2FzzZujOpojmqs6VA1Ip9%2BaWCyaARjJQGsvQcVfIbwfdcQu8Df56jKCsr8yynXy1Rxgr6zJJ7GpyaxxRm4H8HcYDi0B3B3iQmfQT7uWwvxdz8nMvhXCKF1y%2B2JDLvsLnZoC2AQByLsapuyF5V%2BRfeSk2AMSykYXvAeL8mDjug0MMBKQwp4NOEHBz7%2BORHa%2BX777%2F5U82WuFRDpykpOqWZgZqWcBmVwRDQ0hcK6VH3jTI1FCqZInAG9hivBWooHLkHLGxNS5B7OfcRNvmkCkGTEGnQxjgQGSKvzMybi7RS0Fk%2FkZZEnWyH%2B4ikYh%2B1eAo3s9pIcgX6%2FV2gs6isKx7sA7ZBsn74D61Nd3Axm%2F6yNo6r9oiUqfo%2FaBsGqw3xl6zsATV0KdMTfvaqLm%2BESTktKGMp4tmd%2BRCMbpcmTqYdDrJVtdml7beF8L6nrfebnckJCqgqS%2F1UnID9i%2Bw049v8yFl6sRiF9FS6OuBZD%2FQkGyMe53inOjnLV3gLEh1Q%2BOTlMgtIJVf2uSqwYnD%2Bt2sO80T8ckRkLOYfvayb3rj3ZtAYI%2FZw2CVjVXc50eBITwugSNPH3Ok09sVpGw61BSdoQRvEGgfFlc5w%3D%3D&nvMid=89878263762&catId=50001519
애플 아이폰16E 128G / iphone-16 E / SE4,"530,000원",배송비무료,https://cr.shopping.naver.com/adcr?x=mINcRMWooXaIsbYo%2B4Kqq%2F%2F%2F%2Fw%3D%3DsakvM5e1bfcxudDA4vD1mhabAzhgHHonzkia%2FRVffRYrxTAJR5s3V3RheLYZrm3hTiNPfPvPFoP0ORjl8nWCLAGg6HabDTRx466CGciRiUnFBZuMfzSBinsMMtj7lqMfU1BbizgNQraOZoPuaSMvlFhdzqVu80S2WlRbsvJPi9sD%2BVmbbp7MNgQlG85Bu2tyV2qqp1XNIAFe3%2Fk5gPxIsHLL7oh4VZdlChKy1%2Boh76B1SaYjGK4Ok8KBUd1hZiKXj0TeS0I0vkY%2FLtQSA2TwFTQvNqQMuYjq%2BfeZGCiQNMxLOQPDQQGQn%2F1ZCcgRIJ8s4a%2BpHa6ewb0%2FDpcGez9%2B2Mmaf7oVVn%2BbTDsruUdhAA7tIgQVAc4H2LkelPU9tnequZHy3oN8vTD4MW096f7Lod99iLbvTMZqV5V3ro8SZQ1z8zMm4u0UtBZP5GWRJ1sh%2F%2BnlI9TbjCzD6GLOSalHrkz4Qr3ziM1MTfz2cG%2FIn3Fy0DIsfiSt0okbPcKH469FYu4ZXFWJpibM7iwBYlG1bnwQcwh4TnOsV4R9Gx%2FkCWUNGd5PSt9ZlFLb73tP2i%2Fwx9rX6Zra%2BIxR1H9Yxebp5Y2JBWM4zRVVgFrMlwzMc6rGxChwsQYZrTCyV4dzakWStdyHWpsGgM6fgOIoNwtwRYt5H8JrvXOdKvI%2BF2SuSB1dvU2Y6hEEwGxc1AZfON9sL4VRAH%2BsMDObarUodGweR8Q%3D%3D&nvMid=56871423719&catId=50000246
해외아이폰SE1 올인원 풀박스 공기계 세컨폰 스페이스그레이 16GB 베이직,"86,000원","배송비9,000원",https://cr.shopping.naver.com/adcr?x=aRmKNfqombcyP5k79aIcZf%2F%2F%2Fw%3D%3Dswe9SCqKQX%2Brwx0BAMifM%2B7AZNqEgV5%2BiEalwYI6QV8vxTAJR5s3V3RheLYZrm3hTI4LUcm9saF8jwucVLyn0PGg6HabDTRx466CGciRiUnFBZuMfzSBinsMMtj7lqMfU1BbizgNQraOZoPuaSMvlFhdzqVu80S2WlRbsvJPi9sD%2BVmbbp7MNgQlG85Bu2tyVRL6iu0rN9ANYEXkZX8p%2BoSEm%2FeWMmjv1VUimPr%2BbdY7Xa07WQY8APtMN3OKXIpl9nyrDruLHOz6yE3BnPfYlawSsuJVqkvCUm54YYnYiEnOKx7G3krbJiQXzryuwwOqJIWHsgu2xtQcxOiMT5UQ9fB6il9VdY9eyDzKDwGTzojBdrU9gBvTOY8XVxGgpGxxd2YxKyH%2BD%2F0Zv8r75v30Dkrc309dNYVswcZEcr9fsFHKvhZOUbTLLrU6et6Dn4TCiqcFse1ToKkTPmnPqfB1czlb70xOLoOcyBJcCpDzeWLnCyFlthAXZCQ%2FZvl9jQUBz5Qm6hdBQIQF1dMFenYoxRu9fHfkoc1RwASS4nPpq6whM10uzAln%2BbyWnSkO3GI3azAxbBJL%2FRR%2FA3QvatuxZKtFNIxXnbG%2BJP1XnqGL4fN4215a3wHjPCaw0Zwy3BLGnT67wwYrr%2F%2Fmhor63i6VkaXnHHlsqMahxadWBQplDTb%2FFMBxKGTtO%2FThvfaYoX1gFUBXlhUohQIAUoY4riBLgcgN%2BQsjK6V0FLd%2Fybx7qcubNSE3OzZUT76KyqzckASmm&nvMid=89304859650&catId=50000249
아이폰 15 128GB Apple 미개봉 새상품,"643,000원",배송비무료,https://cr.shopping.naver.com/adcr?x=0MUrg4FYRd0%2Bh9PfXq3az%2F%2F%2F%2Fw%3D%3DsdCdWKo8pkAKz0kTCeT1Zasc0OyuvYIXvB4%2Fph6PEYeJyoYErd7Wx1dfdVO6hh7qV0NJwWqdTpxDSDy1QFmuy4cKdlAuo4CRofAy%2FiHp8jqv8RtWXQ%2B4yWv%2FzzZujOpojmqs6VA1Ip9%2BaWCyaARjJQGsvQcVfIbwfdcQu8Df56jKCsr8yynXy1Rxgr6zJJ7GpyaxxRm4H8HcYDi0B3B3iQmfQT7uWwvxdz8nMvhXCKF3zZaEtNruVeZwM9DMDGM8LpuyF5V%2BRfeSk2AMSykYXvAeL8mDjug0MMBKQwp4NOEHBz7%2BORHa%2BX777%2F5U82WuFB5AGZrtEARX2JZ%2BKB0uxr1qa4fFblGxI0QRHDCXn99M%2FCgNVhXBCBtEVNR3ZL60A5GAjyHXDzSiiNWYR1MbNBvzMybi7RS0Fk%2FkZZEnWyH%2B4ikYh%2B1eAo3s9pIcgX6%2FVKVQKdC0N1wsclyJh5UTJ%2Fpga96vkTny6QqegmA7aLt4HIQQnrAOKexg0gv149oIMZpwld0o62%2B6BeXAKgaxeSDulBXMG7WVUNNGPsx5675fhzSz8wumL1zgDDXu8yiNM6reyyx3NOMLAri3QVF%2B4yQ%2FtRs2MgkAFbAzurpTEm5bBm%2FruuUvASMg8N2UOwEIbiMLEhzmDCTscqh661XgCr%2FDUrD7XHwYclQ9qMxbuquIOEsHC78VBLnFZh%2FnDobeN&nvMid=88646726618&catId=50000249
아이폰 에어 256GB [자급제],"최저1,431,000원",배송비무료,https://cr.shopping.naver.com/adcr?x=n5r4Fo%2BgTkxhhgtB%2FtRrAP%2F%2F%2Fw%3D%3Ds7S7G5yPIvSR0JHEZwxEWSbhT98h03tq9OR63kiLEwIcAjU5j3gjlMYsRq8%2BGHFpSoLGmBZzfCn4hhJKCO6mDajXJD0NsZoE8wg%2BLc2SvDZhHRaISaXjSXtxpkOUV9xcVq9tHYv1dOwnoO11Zd00M4WWWc0M5pcDR9kqAoy6jtOWjM5qdfE9DCOxQJliScnP52h%2FqNbmMd3P9tE5jamCbKQuIB8ncdehaYvLTVmrbJlHElugTY1XnRunywj230icx%2F2M7NukjaZEovSPMpRwZE%2BE8YCiibN06F7pXXqOPTLBHWM2eO096DnXAhkJUE%2BCgjawqgMhyP6kR8AQxQG3jmKTq%2FbD2MGowZHhNOyBhpCeUgj7JhipZW7dJJfFyMQl0dJF8GSD%2Bgc1ns9VVWy3AwGovNxFWzA781dOsDXmXgY0GilyaKM5kn%2Bdjf5FjA7VexhAmnG%2BFOakk2AvAWMwRFoYLGdVQnyr1l5dG887fW5KWjryz8h0oKDZ3FKNA41c2nD38MxfZLVnMXa3E7TvClIe3kV4b8ftfDD%2F8y4AtKiWnftJTh3%2FaI19xoSwoAh36IuR0q84YQjjFrl3Wcbxl794eF8azDSk9VoCM1nCDWM4ThnCXupLc5tRiRONI6H7zi%2BZZmGGDB0C%2BTUM7pXoRnp1KU85kE3pXnhNMvq7%2FMWy%2BMXYz9NlB0K48Cz7CqmWB40VY1btruB0%2FSKqGucQr%2FwN%2BQsjK6V0FLd%2Fybx7qcubNSE3OzZUT76KyqzckASmm&nvMid=56665469844&catId=50001519
Apple 아이폰 17 Pro 자급제,"1,790,000원",배송비무료,https://cr.shopping.naver.com/adcr?x=u9EXz26eRTxsowyvxtpWcP%2F%2F%2Fw%3D%3Ds5SZqN9e6L38IbrKbIu9qxAKBdDAqr5QXCYWsXdILzrLxTAJR5s3V3RheLYZrm3hTBEXvEwrdvb2qKoLNL60qu2g6HabDTRx466CGciRiUnFBZuMfzSBinsMMtj7lqMfU1BbizgNQraOZoPuaSMvlFhdzqVu80S2WlRbsvJPi9sD%2BVmbbp7MNgQlG85Bu2tyVHNZtQ%2FiGx%2BQOIyH96Kmut2E6W4nW1ZBCJdFOCy3XN8xMPC7dOB8WTUSlw%2FiWm3ZPFbA%2BqS%2Bj%2FOZwYl9ou%2FCpcs0f9r37fgvByq7yJRw8T60Hx36Fc9cNiEhIaeeVmhFMNaOWsYYN%2BOjdWZC5dxHp6LRky1jw0TqxQG54uiFH8T%2BDYv96qy2etP1UvhT%2BKVa21Yr6JEJrj5mw0lb6uE3YBc5A8NBAZCf%2FVkJyBEgnyzhr6kdrp7BvT8OlwZ7P37YyZp%2FuhVWf5tMOyu5R2EADuxeaLXeDAol9CHOLBA5yqATf5TRm4ebkeqR55xTMCpWjnKrUh8YkpOVdSSVE2zYi4EWMT8%2Be7NKdcJ7h89OPlaKKJes9pQU6ALnMrzdsBKe4iJWYHHe50ZM37VUaE3eqLJwQPibd4OA%2Fd68Roc91pATgrzM0mmwDE4c%2BCU9s3zGurUGCjiW1BJIfvf7DVOQ8GlZVdOGlGjGUD62%2FDTG4z%2B8X%2B4D%2F9pfWgLY%2BQdRyLZcrNiFgIp6Q8IO9tMwX%2FAlCl%2BJ8ysJBbZRnpU0baS%2FtvzR80yw%2BgLy2aZ2H1dJIqwynWCfZBwUWEihiVI7Mz3KeTh0cjwVm1BUYVknE7IEMpz4%3D&nvMid=57160310198&catId=50001519
Apple 정품 아이폰 15 자급제,"1,090,000원",배송비무료,https://cr.shopping.naver.com/adcr?x=9YRdBFw%2Br6VO5apbkRIMJv%2F%2F%2Fw%3D%3Ds7LQTYfCxQn%2BJ5CGgnBqR7rUYLy0uQP34MgppA6Y7lZcAjU5j3gjlMYsRq8%2BGHFpSy8hMTPFc6phRlhIqib7CvTXJD0NsZoE8wg%2BLc2SvDZhHRaISaXjSXtxpkOUV9xcVq9tHYv1dOwnoO11Zd00M4WWWc0M5pcDR9kqAoy6jtOWjM5qdfE9DCOxQJliScnP56InUdgRJ2eKXcsL2jyhcXKQfvg83DEGAmQ8NhqAZnU8%2BtslBK1Y5fIFUlVO0wI%2BmlWVGHL374MgBQjWaRm9hsiwYxEf9600NO%2FGLrlEB7P45N7nBhyW1KD8hwKY3fDKAymjd5DxlkRlj8kmNIS2pLRngcpuaqsJssgmyBzktirR8KdAuKl0j%2FmQcZBG7xBbYhgNtNVH2TbUNpUY8ynIN9s32CkbxrNwm2uPxVFFB6fdVXemfpmeX70wC2wQT5nyi5pxiwDZPU40LYzhHX%2FcRvz%2ByrynY7nfB830gfUdwtKQVmlmJE4%2B8afSr8xs%2B%2FmXoG1fUqIZ7CTqeNBeEUiuIjbVrhcIjK%2FyMdS%2B%2FohCHSTL5Bpk2Bgkccp4gjyF9C3Bpw1tMludhxdNstT59VWpC4M3zVaNSnElUms3mYOzPgGkbEf4FfFXKxRBjJgs6NFlJVHwm%2Fs0NsjHthyWqkJnwbh6709K9VhlE8zDnmKN1ue%2B1M1ro%2FU4BaInemzXqq77MFEetBEnk%2BYIkKG9pL6bzdHR9INs9ZpxiOekV5%2FkbMXEVVrw6ZPK6aT0K%2BOb7MCu3NB52nhjQB73t6d6iNd4LBgN%2BQsjK6V0FLd%2Fybx7qcubNSE3OzZUT76KyqzckASmm&nvMid=50864833884&catId=50001519
Apple 정품 아이폰 15 Pro 자급제  화이트티타늄  256GB,"1,248,000원",배송비무료,https://cr.shopping.naver.com/adcr?x=hIrnMArMlmXOtsRiwe6EC%2F%2F%2F%2Fw%3D%3Ds%2BistuPu%2FGzSERnUR05HGeZl4bzNnSb%2B2gHnlEW1uHNJyoYErd7Wx1dfdVO6hh7qVvzNyiOoM%2BkhipQo4y8%2BbV8KdlAuo4CRofAy%2FiHp8jqv8RtWXQ%2B4yWv%2FzzZujOpojmqs6VA1Ip9%2BaWCyaARjJQGsvQcVfIbwfdcQu8Df56jKCsr8yynXy1Rxgr6zJJ7Gp49gWwo4YAEWGPlnOMWQUB4qPKnSzTV71gbnTAjWaxQ8TCpTAdCeOTtdCc%2FY8yDzvGkahgAoB%2FjU%2FsSJbDfl568NH9VLP3oyhk%2Fn0MP9WE6BJsAFM9W%2B9BN%2BGOaNfeDRTSSOmAX0qJU4HmOi2%2BJk9sJM%2FRC99MJWo2UqK6QUTiPL%2FG4H5FhDyaFh%2BgJ0xypWnMjAsgn5OALQwfhuDBSVc442sKoDIcj%2BpEfAEMUBt45ik6v2w9jBqMGR4TTsgYaQnlII%2ByYYqWVu3SSXxcjEJdEmic8CdkHK0L3XSUDjTls3MG0xAK9cFbztp9AIDgfdSBopcmijOZJ%2FnY3%2BRYwO1XsYQJpxvhTmpJNgLwFjMERaGCxnVUJ8q9ZeXRvPO31uSPQeMYOkN0PrAzPRPKTrAp9SXUxvoKYPFHUCS1w8lsqf4HhpiJf%2FiFlbpCUXvtIuyDgKBbM3z8sZvfVr3mN9tzDpplKKi52%2Ba%2BhPSI7HFR8unYsGRZ0Szx1lM%2FySP9FxqC%2Bp633m53JCQqoKkv9VJyLVR9scpxSuPnQScIamHffHr2tnODe64rb7uSLBATmnL2ZVWCwxCaZyPHBegjD0iFkx4fAZFGqK%2FjJ2vYrjovPF32pyAjOqrpOaHW2MzolD6hWw3%2BIByOa0jCVNQVnCDoA%3D%3D&nvMid=59448928090&catId=50001519
Apple 아이폰 13 미니 256GB,"239,250원",배송비무료,https://cr.shopping.naver.com/adcr?x=tyM6OdCZSw%2FTaMqrEwiwcv%2F%2F%2Fw%3D%3DsShR5teWJ%2BuLzB4ioaPc5GVsT0oWiB%2BkiSBkLDMmAh%2BJyoYErd7Wx1dfdVO6hh7qVe8ki385kNneB37jyx6OMFMKdlAuo4CRofAy%2FiHp8jqv8RtWXQ%2B4yWv%2FzzZujOpojmqs6VA1Ip9%2BaWCyaARjJQGsvQcVfIbwfdcQu8Df56jKCsr8yynXy1Rxgr6zJJ7GpL5jFwDFCegKdTHeOMiI4gtwB1kOFxQ1CFh%2Fhnue79cbXqOQm68ipmQjyM9uzVeSrbfZnwZG6P9Ax5SprXXorfJagfTzK7Yq6yjNcwMjw%2FyQaSp5%2BFHxgw5SKEz5vSmVOjawqgMhyP6kR8AQxQG3jmKTq%2FbD2MGowZHhNOyBhpCeUgj7JhipZW7dJJfFyMQl0M5lNdD9DgBWEVIybGPiIAKEBIWbpAxIcX9Ro4DQQ6vBxE2%2BaQKQZMQadDGOBAZIq%2FMzJuLtFLQWT%2BRlkSdbIf%2Fp5SPU24wsw%2BhizkmpR65MAUyu3a2EukFKMuokr4HWC13cDGb%2FrI2jqv2iJSp%2Bj9j8wQmOAKkP0HhiylSa6%2BSggs011HS8kqyk3lvP%2FUa6By4nGBARBx1to6F5sKpvyR93MApI8MCG6IKOD2pyiqV2xChwsQYZrTCyV4dzakWSt0d2BWi0JcNBJsLEQMOakNz15KzMNOofewArx2hnfFh5vU2Y6hEEwGxc1AZfON9sL4VRAH%2BsMDObarUodGweR8Q%3D%3D&nvMid=59537190949&catId=50001519
